Country Name,a3,Indicator Name,Indicator Code,1960,1961,1962,1963,1964,1965,1966,1967,1968,1969,1970,1971,1972,1973,1974,1975,1976,1977,1978,1979,1980,1981,1982,1983,1984,1985,1986,1987,1988,1989,1990,1991,1992,1993,1994,1995,1996,1997,1998,1999,2000,2001,2002,2003,2004,2005,2006,2007,2008,2009,2010,2011,2012,2013,2014,2015
Aruba,ABW,Electricity production from coal sources (% of total),EG.ELC.COAL.ZS,,,,,,,,,,,,,,,,,,,,,,,,,,,,,,,,,,,,,,,,,,,,,,,,,,,,,,,,
Afghanistan,AFG,Electricity production from coal sources (% of total),EG.ELC.COAL.ZS,,,,,,,,,,,,,,,,,,,,,,,,,,,,,,,,,,,,,,,,,,,,,,,,,,,,,,,,
Angola,AGO,Electricity production from coal sources (% of total),EG.ELC.COAL.ZS,,,,,,,,,,,,0,0,0,0,0,0,0,0,0,0,0,0,0,0,0,0,0,0,0,0,0,0,0,0,0,0,0,0,0,0,0,0,0,0,0,0,0,0,0,0,0,0,0,0,0
Albania,ALB,Electricity production from coal sources (% of total),EG.ELC.COAL.ZS,,,,,,,,,,,,0,0,0,0,0,0,0,0,0,0,0,0,0,0,0,0,0,0,0,0,0,0,0,0,0,0,0,0,0,0,0,0,0,0,0,0,0,0,0,0,0,0,0,0,0
Andorra,AND,Electricity production from coal sources (% of total),EG.ELC.COAL.ZS,,,,,,,,,,,,,,,,,,,,,,,,,,,,,,,,,,,,,,,,,,,,,,,,,,,,,,,,
Arab World,ARB,Electricity production from coal sources (% of total),EG.ELC.COAL.ZS,,,,,,,,,,,,1.168647363,2.297083528,2.433106238,2.391576795,2.6311748,2.269078327,1.956087519,1.732227197,1.034180137,1.012316494,1.036641261,0.83621397,0.91587018,0.738702151,0.614335631,1.057089071,1.270872409,1.128703255,0.817177324,0.878220368,0.722370957,0.594013286,0.829170255,0.909064491,1.767422325,1.669508053,1.700210815,1.83769081,1.610034531,1.923164756,2.401399195,2.234762316,2.166988095,2.178091751,2.037403142,1.941304556,1.762740052,1.533613318,1.359937864,1.235532796,1.286167091,1.235651316,1.209756367,1.484657076,1.519196492
United Arab Emirates,ARE,Electricity production from coal sources (% of total),EG.ELC.COAL.ZS,,,,,,,,,,,,0,0,0,0,0,0,0,0,0,0,0,0,0,0,0,0,0,0,0,0,0,0,0,0,0,0,0,0,0,0,0,0,0,0,0,0,0,0,0,0,0,0,0,0,0
Argentina,ARG,Electricity production from coal sources (% of total),EG.ELC.COAL.ZS,,,,,,,,,,,,3.085844903,2.430253695,2.366752935,2.425760286,2.215179089,2.075059571,1.650572301,2.261171263,1.80654074,2.062660555,2.301810036,1.837737552,2.092877241,1.292087355,1.340991936,2.067220374,1.952381867,3.035639092,1.712498268,1.300748916,1.726870932,1.492457186,1.916331038,3.639915048,2.847123778,2.75091123,2.622479183,2.442847106,2.617221967,2.003149252,1.511402097,0.960297444,1.018146257,1.675235861,2.066527002,1.865835743,2.179397663,1.592875234,1.439480311,2.405339166,2.835861217,2.920509928,2.548929378,2.217283665,2.029567389
Armenia,ARM,Electricity production from coal sources (% of total),EG.ELC.COAL.ZS,,,,,,,,,,,,,,,,,,,,,,,,,,,,,,,0,0,0,0,0,0,0,0,0,0,0,0,0,0,0,0,0,0,0,0,0,0,0,0,0,0
American Samoa,ASM,Electricity production from coal sources (% of total),EG.ELC.COAL.ZS,,,,,,,,,,,,,,,,,,,,,,,,,,,,,,,,,,,,,,,,,,,,,,,,,,,,,,,,
Antigua and Barbuda,ATG,Electricity production from coal sources (% of total),EG.ELC.COAL.ZS,,,,,,,,,,,,,,,,,,,,,,,,,,,,,,,,,,,,,,,,,,,,,,,,,,,,,,,,
Australia,AUS,Electricity production from coal sources (% of total),EG.ELC.COAL.ZS,74.42305003,72.99852546,75.57537985,71.85788359,72.70755275,70.74803503,75.76161886,75.66734322,76.72046358,76.13962769,75.96646483,71.03214252,71.92666823,74.88317213,67.78299786,68.82262602,68.36448843,72.42959497,70.74853719,69.80682458,73.25324989,71.13826706,71.06777892,73.13323919,73.20813603,74.68995487,74.06400051,76.5402249,76.72277901,77.28002067,78.73508462,80.35084581,81.13821751,80.43568821,81.12030341,80.16145366,82.16781836,82.96376212,84.00002051,82.74884961,83.02757977,83.28896618,77.10860329,77.48905189,77.65639994,79.52808664,79.62161674,77.05357253,75.83483151,74.89993752,71.32764169,67.98827917,68.5549644,63.71539254,61.16432507,62.8716168
Austria,AUT,Electricity production from coal sources (% of total),EG.ELC.COAL.ZS,13.86478435,17.37597427,16.66473587,17.70208952,16.84258142,12.0446641,12.46652782,12.54973475,13.0179381,15.58631859,9.723726977,13.11963691,11.53673293,10.31504722,10.04340668,8.009618412,10.44669002,6.657201029,6.648618521,5.91337662,7.021634615,10.3228708,9.016218776,10.07099971,11.30499484,10.9277125,9.343520477,9.921912735,8.27223826,9.76502899,14.21210646,15.51583269,10.19443721,7.280372194,7.499376331,9.37511327,11.6007765,12.31390859,9.179037739,9.104412845,11.2553028,13.15440418,12.87681613,16.37261821,14.7042681,13.1592414,14.0481007,12.85680286,10.77190101,7.592436214,9.868401684,11.77896968,9.087469073,9.456235476,7.970332381,8.226608163
Azerbaijan,AZE,Electricity production from coal sources (% of total),EG.ELC.COAL.ZS,,,,,,,,,,,,,,,,,,,,,,,,,,,,,,,0,0,0,0,0,0,0,0,0,0,0,0,0,0,0,0,0,0,0,0,0,0,0,0,0,0
Burundi,BDI,Electricity production from coal sources (% of total),EG.ELC.COAL.ZS,,,,,,,,,,,,,,,,,,,,,,,,,,,,,,,,,,,,,,,,,,,,,,,,,,,,,,,,
Belgium,BEL,Electricity production from coal sources (% of total),EG.ELC.COAL.ZS,85.35506864,83.26782706,83.55656882,79.2313417,74.31755146,72.38370737,69.06128576,63.27297286,57.96296296,46.88839362,33.64020575,26.88569967,25.55585537,21.67918257,26.13555797,21.46846979,22.50281179,25.36217969,26.56500326,28.21500819,29.36279219,34.87442808,37.69058386,32.14636874,33.79959024,26.54153113,24.18389129,24.16288286,25.11891666,26.36182843,28.24645763,27.02638159,25.94034449,26.71404921,27.45405868,26.2215028,24.23008331,20.91162456,20.57873896,15.02770914,19.36621845,16.2354677,15.64140896,13.89164802,13.61065996,12.24258829,10.92616304,9.515812083,8.656066425,6.855889362,6.346381337,6.119262139,6.695580794,6.278905603,6.156471148,6.108011733
Benin,BEN,Electricity production from coal sources (% of total),EG.ELC.COAL.ZS,,,,,,,,,,,,,,0,0,0,0,0,0,0,0,0,0,0,0,0,0,0,0,0,0,0,0,0,0,0,0,0,0,0,0,0,0,0,0,0,0,0,0,0,0,0,0,0,0,0
Burkina Faso,BFA,Electricity production from coal sources (% of total),EG.ELC.COAL.ZS,,,,,,,,,,,,,,,,,,,,,,,,,,,,,,,,,,,,,,,,,,,,,,,,,,,,,,,,
Bangladesh,BGD,Electricity production from coal sources (% of total),EG.ELC.COAL.ZS,,,,,,,,,,,,0,0,0,0,0,0,0,0,0,0,0,0,0,0,0,0,0,0,0,0,0,0,0,0,0,0,0,0,0,0,0,0,0,0,0.616326994,0.934611087,2.389937107,3.214682331,2.937299944,1.89262074,1.87303241,1.927432972,2.306099398,1.969737667,1.689515514
Bulgaria,BGR,Electricity production from coal sources (% of total),EG.ELC.COAL.ZS,,,,,,,,,,,,81.50456795,81.38835257,77.27728184,70.15697623,64.87300392,52.76246081,47.02793672,45.86561666,47.25346021,49.15171523,45.79140972,47.03774191,45.06424686,45.55873926,36.44792467,42.10186514,44.16534401,36.58070678,38.26249774,50.25984196,51.3924918,50.59253019,45.78782535,44.96892455,42.02302041,40.72712801,44.99659792,44.75809368,43.36252926,42.33380898,45.3829191,41.19851075,45.97902098,46.12320765,42.35649959,42.20913366,52.31618418,52.0814642,49.79353956,49.12532325,55.04867761,49.11226089,45.02542432,45.4003026,46.20655697
Bahrain,BHR,Electricity production from coal sources (% of total),EG.ELC.COAL.ZS,,,,,,,,,,,,0,0,0,0,0,0,0,0,0,0,0,0,0,0,0,0,0,0,0,0,0,0,0,0,0,0,0,0,0,0,0,0,0,0,0,0,0,0,0,0,0,0,0,0,0
"Bahamas, The",BHS,Electricity production from coal sources (% of total),EG.ELC.COAL.ZS,,,,,,,,,,,,,,,,,,,,,,,,,,,,,,,,,,,,,,,,,,,,,,,,,,,,,,,,
Bosnia and Herzegovina,BIH,Electricity production from coal sources (% of total),EG.ELC.COAL.ZS,,,,,,,,,,,,,,,,,,,,,,,,,,,,,,,71.76052488,62.72760247,47.77011494,28.85482417,17.64844486,16.40536242,29.26430518,46.48031945,49.33348022,45.10537719,50.69517691,50.43241211,49.89337042,58.83188354,51.98774356,51.28551024,54.79750545,64.7233537,67.16589085,59.554506,52.53445457,70.71989529,69.50007101,58.07690104,62.81559406,63.97722183
Belarus,BLR,Electricity production from coal sources (% of total),EG.ELC.COAL.ZS,,,,,,,,,,,,,,,,,,,,,,,,,,,,,,,0,0,0,0,0,0,0,0,0,0,0,0,0,0,0,0,0,0,0,0,0,0,0,0,0,0
Belize,BLZ,Electricity production from coal sources (% of total),EG.ELC.COAL.ZS,,,,,,,,,,,,,,,,,,,,,,,,,,,,,,,,,,,,,,,,,,,,,,,,,,,,,,,,
Bermuda,BMU,Electricity production from coal sources (% of total),EG.ELC.COAL.ZS,,,,,,,,,,,,,,,,,,,,,,,,,,,,,,,,,,,,,,,,,,,,,,,,,,,,,,,,
Bolivia,BOL,Electricity production from coal sources (% of total),EG.ELC.COAL.ZS,,,,,,,,,,,,0,0,0,0,0,0,0,0,0,0,0,0,0,0,0,0,0,0,0,0,0,0,0,0,0,0,0,0,0,0,0,0,0,0,0,0,0,0,0,0,0,0,0,0,0
Brazil,BRA,Electricity production from coal sources (% of total),EG.ELC.COAL.ZS,,,,,,,,,,,,3.30373415,3.467702428,2.161418904,1.838240422,2.061189586,1.66605578,1.774046648,2.713587453,2.397968038,2.465920505,3.16836279,3.071228031,2.427166542,2.711410892,2.553670449,3.059447479,2.698063748,2.263348639,2.525697106,2.133551146,2.425579302,2.109774461,1.985903419,1.934310359,2.003621177,2.09284601,2.397867408,2.193020625,2.9374156,3.154395116,3.398090762,2.662647431,2.495752582,2.731169974,2.665290435,2.503952668,2.268464125,2.607829968,2.098596716,2.198373227,2.327943027,2.591635542,3.813019177,4.52957838,4.722411339
Barbados,BRB,Electricity production from coal sources (% of total),EG.ELC.COAL.ZS,,,,,,,,,,,,,,,,,,,,,,,,,,,,,,,,,,,,,,,,,,,,,,,,,,,,,,,,
Brunei Darussalam,BRN,Electricity production from coal sources (% of total),EG.ELC.COAL.ZS,,,,,,,,,,,,0,0,0,0,0,0,0,0,0,0,0,0,0,0,0,0,0,0,0,0,0,0,0,0,0,0,0,0,0,0,0,0,0,0,0,0,0,0,0,0,0,0,0,0,0
Bhutan,BTN,Electricity production from coal sources (% of total),EG.ELC.COAL.ZS,,,,,,,,,,,,,,,,,,,,,,,,,,,,,,,,,,,,,,,,,,,,,,,,,,,,,,,,
Botswana,BWA,Electricity production from coal sources (% of total),EG.ELC.COAL.ZS,,,,,,,,,,,,,,,,,,,,,,78.17164179,81.99233716,85.96112311,88.84210526,95.27720739,91.62479062,94.4812362,84.15841584,86.91037736,88.0794702,96.47058824,97.33096085,97.06405694,97.51838235,97.98270893,97.22589168,96.87092568,97.87234043,97.6085031,97.63157895,97.87422498,97.46945899,97.2168906,94.76386037,99.42965779,99.3896236,99.27536232,100,100,100,91.42259414,71.42857143,82.34019502,95.67661046,96.35995956
Central African Republic,CAF,Electricity production from coal sources (% of total),EG.ELC.COAL.ZS,,,,,,,,,,,,,,,,,,,,,,,,,,,,,,,,,,,,,,,,,,,,,,,,,,,,,,,,
Canada,CAN,Electricity production from coal sources (% of total),EG.ELC.COAL.ZS,3.377714158,4.053948567,7.098920622,10.91687621,11.89309091,13.42499813,12.35289741,13.55978309,15.10833615,15.07849599,17.92641949,18.80108009,17.15415212,12.92427087,12.2713084,13.11065396,13.72376098,15.00251532,14.55555005,14.6748907,16.02237474,16.25595452,17.86192813,18.08596719,19.21466328,17.31850393,15.29527534,16.97639084,18.14276507,18.37107334,17.05664041,17.40251465,17.30417718,15.48230934,15.59388345,15.60753922,15.70735641,17.3303696,19.034664,18.6406308,19.416905,19.98897894,19.60166878,19.10500015,16.87979795,16.20984845,15.24984945,16.10280444,14.8664432,12.91866578,13.17218012,11.81288719,10.11606045,9.799397215,9.917127733,9.836449295
Central Europe and the Baltics,CEB,Electricity production from coal sources (% of total),EG.ELC.COAL.ZS,,,,,,,,,,,,60.03630946,60.09320995,60.21183409,58.5115148,58.72404124,56.56098092,55.72546697,55.36111178,55.45022292,56.27632309,51.80805049,53.58258741,54.04439159,54.26821454,55.07489699,54.34573202,53.97680688,53.64769305,53.74919277,55.65273706,55.45078009,59.16958389,58.89739309,58.62498072,58.24136992,57.45879378,58.07971293,56.88619332,57.31562948,59.4213238,57.93218079,56.16536544,57.63815388,56.04990614,55.25787193,56.08717187,56.83408594,55.19768608,53.86489836,53.24382119,55.0559676,53.07206166,51.1579079,49.61770225,50.34462137
Switzerland,CHE,Electricity production from coal sources (% of total),EG.ELC.COAL.ZS,0,0,0,0,0,0,0,0,0,0,0,0,0,0,0,0,0,0.037045108,0.059171598,0.103376223,0.134924754,0.160126558,0.158071151,0.141776032,0.189688225,0.183661343,0.139721618,0.062930521,0.051945441,0.093024987,0.072737853,0.015821672,0.015434216,0.001643115,0.001528585,0.001606477,0,0,0,0,0,0,0,0,0,0,0,0,0,0,0,0,0,0,0,0
Channel Islands,CHI,Electricity production from coal sources (% of total),EG.ELC.COAL.ZS,,,,,,,,,,,,,,,,,,,,,,,,,,,,,,,,,,,,,,,,,,,,,,,,,,,,,,,,
Chile,CHL,Electricity production from coal sources (% of total),EG.ELC.COAL.ZS,,,,,,,,,,,,16.14265603,9.558988135,13.99726215,11.41228353,9.184608337,10.66077396,10.84288052,11.59266409,14.50511945,16.08373755,16.06278177,9.620082554,10.80481622,15.55901311,12.28632479,10.75013565,9.835646224,17.83624002,30.35202964,35.51600261,21.29151846,11.63081876,11.86934966,18.56628556,22.80301138,30.90814434,28.15268643,31.94119801,33.2638708,21.12630371,11.37288096,11.56831765,10.41662218,15.07186377,13.74133069,19.15943601,22.66147088,23.63660726,24.53311814,27.90813118,29.85558413,36.32492724,41.38096216,36.33848476,37.14433523
China,CHN,Electricity production from coal sources (% of total),EG.ELC.COAL.ZS,,,,,,,,,,,,70.12195999,63.61849598,57.92493879,56.78093797,55.81248739,50.57181624,56.64306925,60.57836228,56.51427558,53.03529255,52.66918873,54.3258667,54.85061461,58.28532818,63.46952689,66.65383845,68.34898546,68.53707746,69.2667704,71.03906849,73.50791367,75.03179409,73.50378519,74.78962989,73.7489508,76.19760424,76.35928894,75.63614561,77.67118548,78.21363715,76.25245704,77.54358093,79.55556835,78.17369805,79.19611784,80.33949603,80.95423534,78.75051375,78.38266989,77.18719414,78.87712304,75.65891205,75.27906857,72.63390781,70.30942695
Cote d'Ivoire,CIV,Electricity production from coal sources (% of total),EG.ELC.COAL.ZS,,,,,,,,,,,,0,0,0,0,0,0,0,0,0,0,0,0,0,0,0,0,0,0,0,0,0,0,0,0,0,0,0,0,0,0,0,0,0,0,0,0,0,0,0,0,0,0,0,0,0
Cameroon,CMR,Electricity production from coal sources (% of total),EG.ELC.COAL.ZS,,,,,,,,,,,,0,0,0,0,0,0,0,0,0,0,0,0,0,0,0,0,0,0,0,0,0,0,0,0,0,0,0,0,0,0,0,0,0,0,0,0,0,0,0,0,0,0,0,0,0
"Congo, Dem. Rep.",COD,Electricity production from coal sources (% of total),EG.ELC.COAL.ZS,,,,,,,,,,,,0,0,0,0,0,0,0,0,0,0,0,0,0,0,0,0,0,0,0,0,0,0,0,0,0,0,0,0,0,0,0,0,0,0,0,0,0,0,0,0,0,0,0,0,0
"Congo, Rep.",COG,Electricity production from coal sources (% of total),EG.ELC.COAL.ZS,,,,,,,,,,,,0,0,0,0,0,0,0,0,0,0,0,0,0,0,0,0,0,0,0,0,0,0,0,0,0,0,0,0,0,0,0,0,0,0,0,0,0,0,0,0,0,0,0,0,0
Colombia,COL,Electricity production from coal sources (% of total),EG.ELC.COAL.ZS,,,,,,,,,,,,13.11395372,12.58668187,12.44517072,12.19455614,10.37042765,11.24325113,10.20515173,9.353222369,8.287292818,7.908637386,8.292823796,8.412226129,6.937349924,9.784929232,11.70089835,10.29221882,9.70251135,9.893372107,10.09150701,10.19886129,10.28115707,14.17253521,11.2814129,8.551281122,10.00327746,4.31945021,6.866943168,5.966991113,4.565410303,5.103768116,5.43713457,5.12410639,6.29122709,4.014561838,4.9049407,5.458941691,6.297986383,5.413135972,7.412203188,6.891155089,3.770182772,5.471782861,8.992484667,10.17814608,11.85215237
Comoros,COM,Electricity production from coal sources (% of total),EG.ELC.COAL.ZS,,,,,,,,,,,,,,,,,,,,,,,,,,,,,,,,,,,,,,,,,,,,,,,,,,,,,,,,
Cabo Verde,CPV,Electricity production from coal sources (% of total),EG.ELC.COAL.ZS,,,,,,,,,,,,,,,,,,,,,,,,,,,,,,,,,,,,,,,,,,,,,,,,,,,,,,,,
Costa Rica,CRI,Electricity production from coal sources (% of total),EG.ELC.COAL.ZS,,,,,,,,,,,,0,0,0,0,0,0,0,0,0,0,0,0,0,0,0,0,0,0,0,0,0,0,0,0,0,0,0,0,0,0,0,0,0,0,0,0,0,0,0,0,0,0,0,0,0
Caribbean small states,CSS,Electricity production from coal sources (% of total),EG.ELC.COAL.ZS,,,,,,,,,,,,,,,,,,,,,,,,,,,,,,,,,,,,,,,,,,,,,,,,,,,,,,,,
Cuba,CUB,Electricity production from coal sources (% of total),EG.ELC.COAL.ZS,,,,,,,,,,,,0,0,0,0,0,0,0,0,0,0,0,0,0,0,0,0,0,0,0,0,0,0,0,0,0,0,0,0,0,0,0,0,0,0,0,0,0,0,0,0,0,0,0,0,0
Curacao,CUW,Electricity production from coal sources (% of total),EG.ELC.COAL.ZS,,,,,,,,,,,,0,0,0,0,0,0,0,0,0,0,0,0,0,0,0,0,0,0,0,,,,,,,,,,,,,,,,,,,,,,,,,,
Cayman Islands,CYM,Electricity production from coal sources (% of total),EG.ELC.COAL.ZS,,,,,,,,,,,,,,,,,,,,,,,,,,,,,,,,,,,,,,,,,,,,,,,,,,,,,,,,
Cyprus,CYP,Electricity production from coal sources (% of total),EG.ELC.COAL.ZS,,,,,,,,,,,,0,0,0,0,0,0,0,0,0,0,0,0,0,0,0,0,0,0,0,0,0,0,0,0,0,0,0,0,0,0,0,0,0,0,0,0,0,0,0,0,0,0,0,0,0
Czech Republic,CZE,Electricity production from coal sources (% of total),EG.ELC.COAL.ZS,,,,,,,,,,,,84.84273617,85.11079108,85.14353718,81.6689847,81.2734164,81.19596094,81.00363324,81.8615485,80.5264493,84.75007596,83.33613304,90.27759987,90.50149159,88.22728526,85.48201167,78.56812857,70.64119879,70.58942394,71.85518417,76.44007644,76.56141166,75.34077247,74.54734545,73.22269606,74.06520842,73.55655485,74.3557002,73.58411736,72.1473215,75.39054464,74.00517283,68.77162971,64.1252898,63.04451605,63.79392416,62.46563225,64.5902648,62.25103548,59.57100157,58.30246624,57.06992717,53.71855065,50.82201656,51.15516593,53.06115038
Germany,DEU,Electricity production from coal sources (% of total),EG.ELC.COAL.ZS,87.02877131,86.72576879,86.9091068,85.74242566,84.4487515,80.18256584,76.85119678,77.08996555,76.24578883,74.72714886,74.46359924,74.98938117,72.37980693,69.00350472,67.20836331,63.27461761,66.08277194,63.65334829,62.6458232,61.94284101,62.93991508,65.11608019,66.20680226,67.66259097,65.32322006,61.93752882,62.26195974,59.87912537,58.62670875,58.06130998,58.73112389,59.14606607,57.1244135,57.37846109,56.52802239,55.62260001,54.96058588,53.35860047,54.11993664,52.15448516,53.14609313,51.83953558,52.6833736,52.08423417,50.42963157,48.34589152,47.16388613,48.65235938,44.99479807,44.11355909,43.64242247,44.8562978,46.01646898,47.24122949,45.8101933,44.26280916
Djibouti,DJI,Electricity production from coal sources (% of total),EG.ELC.COAL.ZS,,,,,,,,,,,,,,,,,,,,,,,,,,,,,,,,,,,,,,,,,,,,,,,,,,,,,,,,
Dominica,DMA,Electricity production from coal sources (% of total),EG.ELC.COAL.ZS,,,,,,,,,,,,,,,,,,,,,,,,,,,,,,,,,,,,,,,,,,,,,,,,,,,,,,,,
Denmark,DNK,Electricity production from coal sources (% of total),EG.ELC.COAL.ZS,71.62454874,69.86455982,72.30046948,68.16053512,64.83656793,63.97263745,51.41078422,61.43758627,54.72878999,38.77899045,31.20755094,18.59428694,18.75182269,35.80020921,30.85286565,34.94853263,46.47715637,48.01486584,55.39230091,63.11790512,81.84195778,85.99402925,91.45241507,94.98173948,95.83186309,93.56299753,92.51534938,93.82820713,91.08656929,89.08559717,90.67046417,91.51730743,87.69926475,86.32189321,82.03952881,74.42189455,74.02672539,64.8899921,57.53168098,51.59558068,46.24580479,47.22892205,46.47084277,54.79366042,46.17914729,42.66125917,53.85981452,50.59263404,47.68953463,48.61336338,43.75997118,39.67186125,34.32787206,41.13634401,34.37733035,24.54485784
Dominican Republic,DOM,Electricity production from coal sources (% of total),EG.ELC.COAL.ZS,,,,,,,,,,,,0,0,0,0,0,0,0,0,0,0,0,0,0,0,13.46107784,1.617749018,12.48123526,6.675824176,0.768049155,1.162790698,12.50320924,8.278086364,10.06912012,2.706527508,3.669892277,3.945578231,3.676064124,0,0,0,1.468405842,4.220918586,9.0289845,10.48812665,10.22761083,11.48639315,12.24612106,13.14672327,13.97643384,12.24706429,12.36268851,12.76286743,11.75702866,14.01879742,12.85691066
Algeria,DZA,Electricity production from coal sources (% of total),EG.ELC.COAL.ZS,,,,,,,,,,,,0,0,0,0,0,0,0,0,0,0,0,0,0,0,0,0,0,0,0,0,0,0,0,0,0,0,0,0,0,0,0,0,0,0,0,0,0,0,0,0,0,0,0,0,0
East Asia & Pacific (excluding high income),EAP,Electricity production from coal sources (% of total),EG.ELC.COAL.ZS,,,,,,,,,,,,58.84019357,53.49358138,48.72329674,47.74882084,47.81050507,43.43114314,48.40209274,51.53999833,48.51449101,45.40780283,44.9795791,46.14137526,46.33839678,49.08913929,54.857929,57.84271516,59.25062119,59.25418564,59.96059435,60.98797021,63.03450266,64.24586147,62.56055309,63.35645347,62.04662824,63.88881326,64.1387002,63.71940896,65.75745036,66.92563861,65.80916336,67.23103589,69.53904462,69.0296243,70.51869448,72.28604919,73.53733994,71.53135818,71.26788377,70.64862206,72.94159398,70.25122414,70.21412467,67.83771859,66.08821464
Early-demographic dividend,EAR,Electricity production from coal sources (% of total),EG.ELC.COAL.ZS,,,,,,,,,,,,31.4263972,31.30409279,30.3133857,30.80662679,30.35550604,30.39909823,28.92375791,27.79939194,27.18955216,27.47463323,28.59183903,29.39632184,29.72539824,30.43616218,31.90450064,32.23174415,32.72592312,31.35812771,32.2570895,32.07181191,32.41493656,32.40342467,33.03801867,32.80998708,33.30782107,34.02387174,33.80415372,32.90245746,33.01866991,33.26077015,33.73198076,33.63200613,33.03491469,32.58071407,32.32922714,32.39757564,32.42192243,32.02996658,32.07656328,32.26484911,32.88009766,34.45890299,34.76268808,35.95130119,36.52842994
East Asia & Pacific,EAS,Electricity production from coal sources (% of total),EG.ELC.COAL.ZS,,,,,,,,,,,,28.68892158,25.86768467,24.02621965,24.0118824,24.78202246,22.9198076,25.13329105,25.83074188,25.36726121,26.07217423,26.50168281,27.82097228,29.17522017,31.99852958,35.26615498,37.03834763,38.05926222,38.32257041,38.5087536,37.83628653,39.19101341,41.04066295,41.90605374,42.74495564,42.93643326,44.62310385,45.29590402,45.91909792,47.51246625,49.39836268,50.54713142,51.94631841,54.80500138,55.19053089,57.00475134,58.80414817,60.5776799,59.99702141,60.70993517,60.1340981,62.56579033,61.5960769,62.03816818,60.45741844,59.39184615
Europe & Central Asia (excluding high income),ECA,Electricity production from coal sources (% of total),EG.ELC.COAL.ZS,,,,,,,,,,,,,,,,,,,,,,,,,,,,,,,23.15814812,22.91095423,23.59785812,22.94881158,24.79934528,24.43308492,23.56487409,23.83658415,24.04070243,23.3306443,24.00484188,23.96610238,23.44433719,23.4430914,21.99082705,22.50190949,23.49358059,23.8503344,25.70812028,24.08702662,23.53193424,24.51129062,24.2663767,24.03168412,23.44706503,23.07435242
Europe & Central Asia,ECS,Electricity production from coal sources (% of total),EG.ELC.COAL.ZS,,,,,,,,,,,,26.74221304,24.71050617,24.61225247,23.52781549,23.85718457,25.05464375,24.55321291,24.71094955,24.86590049,25.78726907,25.07682407,25.84639933,25.69622744,23.43181278,24.09652938,24.23466101,23.75094454,22.92424136,23.11280977,31.45043671,31.24782299,30.80983209,29.6927992,30.2919447,29.88357152,29.31626022,28.12093921,28.04234889,26.86507447,27.69449715,27.32172504,27.31981845,27.89179147,26.59168456,26.08771121,26.59274174,26.47022802,25.40095795,24.08250609,23.47086858,24.44314252,25.29080653,24.94573181,23.79443896,23.20958199
Ecuador,ECU,Electricity production from coal sources (% of total),EG.ELC.COAL.ZS,,,,,,,,,,,,0,0,0,0,0,0,0,0,0,0,0,0,0,0,0,0,0,0,0,0,0,0,0,0,0,0,0,0,0,0,0,0,0,0,0,0,0,0,0,0,0,0,0,0,0
"Egypt, Arab Rep.",EGY,Electricity production from coal sources (% of total),EG.ELC.COAL.ZS,,,,,,,,,,,,0,0,0,0,0,0,0,0,0,0,0,0,0,0,0,0,0,0,0,0,0,0,0,0,0,0,0,0,0,0,0,0,0,0,0,0,0,0,0,0,0,0,0,0,0
Euro area,EMU,Electricity production from coal sources (% of total),EG.ELC.COAL.ZS,48.31670767,49.22243862,50.18707924,47.07290008,48.18426003,44.72266502,41.66473887,43.21866119,42.32735472,40.56913988,40.09821101,40.32671051,37.23959848,34.85298127,34.14913426,32.90013398,36.0509665,34.74579511,34.98153511,34.97078066,35.89801025,35.96590315,37.83293059,37.93954072,36.72184672,35.1870029,33.92222175,32.96346439,32.12029103,32.87250693,32.7112945,31.65377658,30.60811843,29.40206876,29.24839917,29.24033328,28.17388402,27.43726624,27.67885573,26.80191683,27.31094844,26.2218057,26.98888385,26.79215281,26.06394662,25.10926166,24.19949035,24.66025007,21.86197314,20.98535768,20.07491102,21.1006982,22.66295393,22.3768786,21.79711449,22.05536149
Eritrea,ERI,Electricity production from coal sources (% of total),EG.ELC.COAL.ZS,,,,,,,,,,,,,,,,,,,,,,,,,,,,,,,,,0,0,0,0,0,0,0,0,0,0,0,0,0,0,0,0,0,0,0,0,0,0,0,0
Spain,ESP,Electricity production from coal sources (% of total),EG.ELC.COAL.ZS,12.89889331,18.07165437,18.9565597,10.13630923,17.9197995,19.88084731,14.07680671,23.11764416,22.75217742,19.60565762,21.71820329,21.73743606,23.04203784,18.86862279,16.15715071,20.71670443,17.86542663,19.75207414,20.74820934,22.20948779,30.00750737,34.55034729,39.42170458,42.66757961,41.84884765,44.11345598,43.23002776,41.82088292,31.67537378,41.12703804,40.1194397,38.58829459,41.56987875,40.77998443,38.91374874,40.50762096,31.53462348,33.82342834,32.66215769,36.64841598,36.60041372,30.77827406,34.36896927,29.51852413,29.03394879,27.90409231,22.99801747,24.54454196,16.0696255,12.65567772,8.823746313,15.47886517,19.04831565,14.68564018,16.47396426,18.96238913
Estonia,EST,Electricity production from coal sources (% of total),EG.ELC.COAL.ZS,,,,,,,,,,,,,,,,,,,,,,,,,,,,,,,0.436528724,0.410200314,0.608570704,0.559394538,0.743006993,0.368112274,0.38448863,0.835322196,1.114892618,1.124818578,1.891225185,2.110102558,3.18986748,2.510089576,1.921583851,2.116609505,2.507192766,2.01804758,2.636801815,4.533545962,3.154890466,3.358411541,4.228294476,2.237288136,4.153945043,5.327829509
Ethiopia,ETH,Electricity production from coal sources (% of total),EG.ELC.COAL.ZS,,,,,,,,,,,,0,0,0,0,0,0,0,0,0,0,0,0,0,0,0,0,0,0,0,0,0,0,0,0,0,0,0,0,0,0,0,0,0,0,0,0,0,0,0,0,0,0,0,0,0
European Union,EUU,Electricity production from coal sources (% of total),EG.ELC.COAL.ZS,42.99621531,43.4796597,44.34249594,42.17594902,42.86016038,41.58646905,39.32313496,40.65667945,39.85275806,38.22100984,37.53361971,42.62498066,40.33388806,38.80476139,38.27753869,37.67234143,39.6494732,38.67627479,38.9347652,38.9722024,40.24714595,39.02474167,41.17184236,41.21461744,40.12889168,39.03994667,38.07409716,37.10244034,36.25779556,36.69387027,36.47772376,35.74515382,34.79782007,33.85021942,33.77028977,33.50384338,33.0621771,31.97033125,31.70138885,30.81466014,31.61652011,30.48931197,31.01839996,31.43685022,30.16346661,29.11417632,28.88737639,29.24049238,26.64408158,25.82987165,24.84394883,26.00954895,26.58530607,26.31192761,25.59534285,25.64397339
Fragile and conflict affected situations,FCS,Electricity production from coal sources (% of total),EG.ELC.COAL.ZS,,,,,,,,,,,,3.427623728,2.013663082,3.921937888,1.561402146,1.740010181,1.510012571,0.868295911,1.077140979,0.894348833,0.731010394,0.564272464,0.640845026,0.749060708,1.015759416,1.643750646,2.227533071,3.803511764,3.654402512,3.496429987,3.206934864,3.621750147,2.929934829,3.02912811,2.89778826,2.813367445,2.529624578,2.450355663,2.085726719,1.794347038,2.789321437,3.403730876,3.365103329,2.884456106,2.96106303,3.092110539,2.417622582,2.357906291,2.197283479,2.03455519,2.25631878,2.721375385,2.727794951,2.8759524,2.431148092,2.668407145
Finland,FIN,Electricity production from coal sources (% of total),EG.ELC.COAL.ZS,29.68041836,17.25883477,11.52720386,19.0359408,21.81105449,20.91235632,20.13101537,19.20047733,23.84770663,33.3750438,30.35332636,27.95074028,30.04934563,28.07064593,30.98331584,31.66099882,39.70603316,32.37657865,44.74700549,39.44397727,42.63381353,21.74827055,20.86703097,21.51574756,24.65829046,31.28972564,29.94154183,30.62432119,31.02565054,30.88243492,18.46001067,17.62494395,14.10827198,17.11717612,22.26539288,18.19473725,22.36028426,19.03984041,12.24934798,13.85173561,13.10735109,15.11559219,17.80401574,23.64751085,19.96039373,10.18248279,20.75760521,18.01957044,11.88397562,16.08874828,18.75573295,14.02021741,10.78382639,15.71775405,12.35938556,8.303570127
Fiji,FJI,Electricity production from coal sources (% of total),EG.ELC.COAL.ZS,,,,,,,,,,,,,,,,,,,,,,,,,,,,,,,,,,,,,,,,,,,,,,,,,,,,,,,,
France,FRA,Electricity production from coal sources (% of total),EG.ELC.COAL.ZS,36.46864467,40.03429973,44.77706129,38.21049209,45.94646601,40.35884581,38.16700207,42.6843249,40.76624809,38.47468723,30.55264197,29.36945377,22.56762519,19.65722051,19.00164306,20.28398113,28.36580733,27.18365407,28.47818877,29.78055383,27.35165638,21.43525741,23.9679245,20.45273718,16.31660019,13.27235998,9.635219498,8.312834381,7.488365895,9.101339664,8.490672317,9.566619133,8.202412551,5.269624021,5.08709568,5.406340785,6.081781758,5.162533061,7.355509733,6.352580496,5.766241143,4.38320441,4.875277713,5.212073289,4.788908231,5.375431102,4.636901333,5.00157868,4.647311367,4.526224742,4.663423625,3.111210964,3.701124426,4.290238174,2.157028986,2.160448913
Faroe Islands,FRO,Electricity production from coal sources (% of total),EG.ELC.COAL.ZS,,,,,,,,,,,,,,,,,,,,,,,,,,,,,,,,,,,,,,,,,,,,,,,,,,,,,,,,
"Micronesia, Fed. Sts.",FSM,Electricity production from coal sources (% of total),EG.ELC.COAL.ZS,,,,,,,,,,,,,,,,,,,,,,,,,,,,,,,,,,,,,,,,,,,,,,,,,,,,,,,,
Gabon,GAB,Electricity production from coal sources (% of total),EG.ELC.COAL.ZS,,,,,,,,,,,,0,0,0,0,0,0,0,0,0,0,0,0,0,0,0,0,0,0,0,0,0,0,0,0,0,0,0,0,0,0,0,0,0,0,0,0,0,0,0,0,0,0,0,0,0
United Kingdom,GBR,Electricity production from coal sources (% of total),EG.ELC.COAL.ZS,81.08585349,80.20728265,80.0142186,79.91393407,78.64149253,74.49733017,72.18463613,70.78988957,71.75058509,71.92361529,68.80539002,63.93711193,55.27368353,62.06069266,54.63652983,62.58281325,65.33989153,64.78081851,65.69038825,67.93316479,73.18452077,74.77204307,71.89630295,70.65613807,45.66684261,60.50848435,67.65579329,70.10548859,66.88523414,64.53729911,64.96766377,65.80260898,60.63579942,53.23737429,49.63971891,46.68004054,42.15961044,34.93126754,34.64643471,29.66214921,32.66777963,34.79579881,32.67879198,35.3614994,34.05967113,34.47825889,38.24822713,34.98756906,32.68196346,27.99654757,28.74592447,30.06295807,40.05150157,37.04979,30.31169753,22.80649074
Georgia,GEO,Electricity production from coal sources (% of total),EG.ELC.COAL.ZS,,,,,,,,,,,,,,,,,,,,,,,,,,,,,,,0,0,0,0,0,0,0,0,0,0,0,0,0,0,0,0,0,0,0,0,0,0,0,0,0,0
Ghana,GHA,Electricity production from coal sources (% of total),EG.ELC.COAL.ZS,,,,,,,,,,,,0,0,0,0,0,0,0,0,0,0,0,0,0,0,0,0,0,0,0,0,0,0,0,0,0,0,0,0,0,0,0,0,0,0,0,0,0,0,0,0,0,0,0,0,0
Gibraltar,GIB,Electricity production from coal sources (% of total),EG.ELC.COAL.ZS,,,,,,,,,,,,0,0,0,0,0,0,0,0,0,0,0,0,0,0,0,0,0,0,0,0,0,0,0,0,0,0,0,0,0,0,0,0,0,0,0,0,0,0,0,0,0,0,0,0,0
Guinea,GIN,Electricity production from coal sources (% of total),EG.ELC.COAL.ZS,,,,,,,,,,,,,,,,,,,,,,,,,,,,,,,,,,,,,,,,,,,,,,,,,,,,,,,,
"Gambia, The",GMB,Electricity production from coal sources (% of total),EG.ELC.COAL.ZS,,,,,,,,,,,,,,,,,,,,,,,,,,,,,,,,,,,,,,,,,,,,,,,,,,,,,,,,
Guinea-Bissau,GNB,Electricity production from coal sources (% of total),EG.ELC.COAL.ZS,,,,,,,,,,,,,,,,,,,,,,,,,,,,,,,,,,,,,,,,,,,,,,,,,,,,,,,,
Equatorial Guinea,GNQ,Electricity production from coal sources (% of total),EG.ELC.COAL.ZS,,,,,,,,,,,,,,,,,,,,,,,,,,,,,,,,,,,,,,,,,,,,,,,,,,,,,,,,
Greece,GRC,Electricity production from coal sources (% of total),EG.ELC.COAL.ZS,53.36244541,51.56308851,42.43968739,45.03152207,49.20953576,47.65303915,40.95744681,35.14211886,36.43330303,36.7490365,38.3197556,43.18457014,37.48952062,35.45252075,38.06924101,46.38957816,55.52877879,58.0300237,48.38954869,46.94597774,44.84615724,52.87906639,54.34427638,61.89384147,60.72810837,64.07714492,66.88237804,68.82270824,73.53597491,73.60128617,72.36808052,66.31228492,71.48959033,72.88197813,73.24731928,69.48594397,69.08113461,70.74979211,70.25119099,65.55521814,64.22648573,66.75521893,64.07637408,60.73741473,60.15676806,59.80951419,53.61338673,55.29492434,53.02009156,55.95966871,53.68417383,52.49611303,51.20699018,46.23384809,51.14117156,42.65948825
Grenada,GRD,Electricity production from coal sources (% of total),EG.ELC.COAL.ZS,,,,,,,,,,,,,,,,,,,,,,,,,,,,,,,,,,,,,,,,,,,,,,,,,,,,,,,,
Greenland,GRL,Electricity production from coal sources (% of total),EG.ELC.COAL.ZS,,,,,,,,,,,,,,,,,,,,,,,,,,,,,,,,,,,,,,,,,,,,,,,,,,,,,,,,
Guatemala,GTM,Electricity production from coal sources (% of total),EG.ELC.COAL.ZS,,,,,,,,,,,,0,0,0,0,0,0,0,0,0,0,0,0,0,0,0,0,0,0,0,0,0,0,0,0,0,0,0,0,0.73316612,8.912037037,8.570940755,15.79712486,13.70522441,14.51046678,13.23145732,13.50722508,12.89401553,13.06492315,8.102133304,13.15641516,12.96155103,13.15342116,15.78629032,17.28797763,21.36010128
Guam,GUM,Electricity production from coal sources (% of total),EG.ELC.COAL.ZS,,,,,,,,,,,,,,,,,,,,,,,,,,,,,,,,,,,,,,,,,,,,,,,,,,,,,,,,
Guyana,GUY,Electricity production from coal sources (% of total),EG.ELC.COAL.ZS,,,,,,,,,,,,,,,,,,,,,,,,,,,,,,,,,,,,,,,,,,,,,,,,,,,,,,,,
High income,HIC,Electricity production from coal sources (% of total),EG.ELC.COAL.ZS,45.91132121,45.73774376,46.41822503,46.60660531,46.10959475,45.60297296,44.54761108,44.3046061,43.79773807,41.5643175,39.31605246,38.85864291,37.07770097,37.26953009,35.68169625,36.03206133,37.54152958,37.30681965,36.23982333,37.71111141,40.10020121,40.2834431,41.14069061,41.72304413,41.12933517,41.95624974,41.36045175,41.63549991,41.41430768,40.35362394,39.44551577,39.08847954,38.85210199,38.56364901,37.98835848,37.54103513,38.05328555,38.00212419,37.9303303,37.31064692,38.28483732,37.69155463,37.56942281,38.28395298,37.36888201,37.1047667,36.76681066,36.44536052,35.5834935,33.78307272,33.45428404,32.64624478,31.38135898,31.7088215,31.01354972,28.59178819
"Hong Kong SAR, China",HKG,Electricity production from coal sources (% of total),EG.ELC.COAL.ZS,,,,,,,,,,,,0,0,0,0,0,0,0,0,0,0,0,22.0320265,53.66490557,69.38274361,77.90951638,84.85471363,95.10233302,98.23536332,97.05785607,98.20651047,96.44417895,95.79453978,94.98470097,97.9994765,97.34202608,81.87891147,59.51286923,65.00938982,56.10210862,60.44492675,61.38690183,63.73783295,77.66481737,68.91899171,70.29726145,68.83755859,73.22602177,68.10549034,70.750284,61.97410582,71.03661655,70.3017197,74.82251392,76.17579994,65.44044176
Honduras,HND,Electricity production from coal sources (% of total),EG.ELC.COAL.ZS,,,,,,,,,,,,0,0,0,0,0,0,0,0,0,0,0,0,0,0,0,0,0,0,0,0,0,0,0,0,0,0,0,0,0,0,0,0,0,0,0,0,0,0,0,0,1.319743891,1.201550388,1.15184543,0.510077134,1.03736754
Heavily indebted poor countries (HIPC),HPC,Electricity production from coal sources (% of total),EG.ELC.COAL.ZS,,,,,,,,,,,,1.303587259,0.880580853,0.923357626,0.742904266,0.765517834,0.396338144,0.336171891,0.266359017,0.119124612,0.367095941,0.341326603,0.281031121,0.358367948,0.337801249,0.340951726,0.237945629,0.267806819,0.292623507,0.296428468,0.208222539,0.238567682,0.182395739,0.171069349,0.16333844,0.158637438,0.14785394,0.109680848,0.107876544,0.099239914,0.281248599,0.28758644,0.308730216,0.285233557,0.28097029,0.221493205,0.179916517,0.171179215,0.170615939,0.156703795,0.158574614,0.260817813,0.245280284,0.218583874,0.176818959,0.185763911
Croatia,HRV,Electricity production from coal sources (% of total),EG.ELC.COAL.ZS,,,,,,,,,,,,,,,,,,,,,,,,,,,,,,,7.426616641,4.719829997,7.863401483,4.841070682,1.151259546,2.608883139,1.074017721,4.991696786,4.697049066,3.976265701,13.7707538,12.82593376,16.59976387,18.22316555,15.39181118,17.82951673,17.46498491,19.31446792,19.52116423,12.40089753,16.11922141,22.96335824,21.12715944,17.35857174,17.62429294,20.55525894
Haiti,HTI,Electricity production from coal sources (% of total),EG.ELC.COAL.ZS,,,,,,,,,,,,0,0,0,0,0,0,0,0,0,0,0,0,0,0,0,0,0,0,0,0,0,0,0,0,0,0,0,0,0,0,0,0,0,0,0,0,0,0,0,0,0,0,0,0,0
Hungary,HUN,Electricity production from coal sources (% of total),EG.ELC.COAL.ZS,,,,,,80.07515433,77.92766209,76.63730985,69.49448879,63.77852015,65.03232018,65.35280779,65.93763401,66.01485008,62.28074796,56.47713951,54.44444444,52.00837535,47.51595349,49.23528692,50.43558385,50.3909465,51.21695257,45.80457542,45.05569707,35.82997462,35.82169327,33.34902014,31.42339137,29.27216795,30.48600366,27.173514,29.2756825,27.85963846,26.42995674,27.13269446,27.72014819,26.87233381,26.06076902,27.24148869,27.58375721,24.50363861,25.06568576,27.10206472,24.73893438,19.98545699,19.77746173,18.73623624,18.00124922,17.8650997,16.99178507,18.34864932,18.74404504,21.0734799,20.80157866,19.47135983
IBRD only,IBD,Electricity production from coal sources (% of total),EG.ELC.COAL.ZS,,,,,,,,,,,,27.1691215,26.29876374,25.13845082,24.90802638,24.88867289,23.63555384,23.79213814,23.99559147,23.20570282,22.55315894,22.03181198,22.38034279,22.40879884,23.05672682,24.59893751,25.25267727,25.95492394,25.633583,26.16796067,35.97558314,36.71124465,38.23499833,38.639394,40.28467334,40.72148965,41.51647583,41.63885151,41.16138045,41.82743656,42.72220937,43.05768833,44.01954297,45.55055755,45.5919265,46.90343955,48.67278389,50.07571151,49.65103797,49.94233813,50.1164052,52.16767079,51.52376466,52.20329108,51.33889124,50.76751755
IDA & IBRD total,IBT,Electricity production from coal sources (% of total),EG.ELC.COAL.ZS,,,,,,,,,,,,25.79984786,24.86937533,23.82848757,23.47648278,23.46918022,22.27219821,22.39656366,22.66414129,21.86465504,21.2974332,20.78242325,21.10100956,21.17571589,21.84278308,23.2889227,23.92838163,24.66192799,24.30762222,24.80078866,34.1235848,34.82980164,36.18565675,36.6192084,38.16048233,38.52836678,39.2989754,39.43560808,38.96724642,39.55294112,40.46858764,40.78141811,41.68228925,43.19036986,43.22808371,44.5137648,46.22748402,47.69523644,47.37007305,47.62436216,47.84802087,49.8981947,49.33114851,50.02827902,49.2001438,48.67598969
IDA total,IDA,Electricity production from coal sources (% of total),EG.ELC.COAL.ZS,,,,,,,,,,,,2.542350809,1.543079371,2.611388768,1.205523667,1.280841974,1.031683931,0.675135794,0.772773255,0.633791616,0.568969858,0.446024836,0.461977515,0.603936476,0.816670241,1.25765123,1.646011356,2.770775517,2.577026893,2.387453216,4.65778256,4.784804992,3.491991687,3.842522071,3.938155459,3.101942337,2.995089523,2.98448395,2.751364312,2.304987983,3.042619421,3.497415626,3.44542191,2.922401837,2.952917109,3.247804729,2.740565055,2.844665816,2.822439521,2.435692613,2.570428394,2.92234502,2.89943011,3.147414888,2.97471844,3.424596033
IDA blend,IDB,Electricity production from coal sources (% of total),EG.ELC.COAL.ZS,,,,,,,,,,,,4.446160817,2.720432013,5.015555257,2.177879951,2.22725806,1.992462562,1.265015933,1.504103326,1.262834176,0.985690588,0.729841094,0.805929249,1.043975484,1.484547575,2.407265586,3.2233796,5.313532944,4.819442887,4.443781277,7.204052253,7.57578669,5.684901099,6.480724597,6.954440766,5.422543646,5.23241863,5.153456168,4.807074955,4.344104639,3.93365782,4.535117782,4.135495529,3.242642336,3.447957786,3.409693652,2.394186589,2.201724899,2.082642282,2.034922172,2.448727437,2.949552001,2.782191951,3.047229888,2.984857333,2.984028256
Indonesia,IDN,Electricity production from coal sources (% of total),EG.ELC.COAL.ZS,,,,,,,,,,,,0,0,0,0,0,0,0,0,0,0,0,0,0,0,2.404596397,24.02727226,27.58215452,27.20923773,29.76980805,29.9017357,29.58221746,27.3697396,23.52643172,24.93282449,24.27145102,25.15799421,27.89338979,30.97209052,34.17913054,36.43396732,37.24593596,39.66936803,41.12362136,40.12133519,40.61272338,44.05885536,44.8938101,41.11273321,42.02865271,40.31987276,44.21073292,51.0753387,51.50078696,52.45484386,55.77646335
IDA only,IDX,Electricity production from coal sources (% of total),EG.ELC.COAL.ZS,,,,,,,,,,,,0.874835736,0.615783541,0.6081686,0.486134067,0.515439356,0.264457862,0.23060108,0.191932542,0.103336551,0.244765691,0.223475012,0.18725646,0.222303205,0.200369778,0.212541059,0.169798213,0.168781737,0.16894755,0.166267671,1.945698101,1.833899306,1.036777666,0.929695478,0.647094252,0.61089991,0.691964002,0.722769891,0.676560473,0.396072779,2.270646199,2.59924325,2.847928612,2.665928497,2.536841302,3.138296478,3.06215393,3.37422386,3.394316871,2.729324066,2.650434498,2.88736698,2.966341834,3.213336219,2.95847619,3.752148003
Isle of Man,IMN,Electricity production from coal sources (% of total),EG.ELC.COAL.ZS,,,,,,,,,,,,,,,,,,,,,,,,,,,,,,,,,,,,,,,,,,,,,,,,,,,,,,,,
India,IND,Electricity production from coal sources (% of total),EG.ELC.COAL.ZS,,,,,,,,,,,,49.09164859,52.0151455,49.39282378,53.51861029,51.33486954,54.14840768,52.99409672,48.32060583,49.87635281,51.04435715,53.45953299,56.81924202,57.27730429,58.1204438,62.35772707,63.68650445,68.86419152,67.40176817,68.05104886,65.46363226,67.06780765,68.03823466,70.053347,67.70731782,69.93626965,70.47678379,68.93212716,66.79569867,66.95787603,68.49942425,69.41705728,69.89346472,67.83142323,67.69168015,66.85963647,66.68824892,65.48205784,68.44469591,66.96802144,67.17829809,66.75997826,71.63605506,72.52273811,74.49218587,75.30939896
Not classified,INX,Electricity production from coal sources (% of total),EG.ELC.COAL.ZS,,,,,,,,,,,,,,,,,,,,,,,,,,,,,,,,,,,,,,,,,,,,,,,,,,,,,,,,
Ireland,IRL,Electricity production from coal sources (% of total),EG.ELC.COAL.ZS,53.31564987,48.47125968,45.15653775,39.96563574,33.55010346,29.04361962,28.16479401,27.90750916,37.1375694,39.24026591,32.36055949,29.7430203,25.96893598,24.91834513,24.08596514,25.28919027,27.34713529,24.9750582,21.12792868,17.11466165,16.40166572,15.41456928,16.88509022,17.89688427,20.22961908,21.49731709,26.35085724,55.0083142,58.35595192,58.76311512,41.59111673,39.20294709,42.19264892,40.98086569,39.71951509,39.86593956,36.95560254,34.47102443,32.28278571,26.79531358,28.79651924,28.67002273,27.45642636,24.95072604,24.70354947,24.93170998,21.69936569,19.74719,17.20275512,14.32505902,12.61712095,14.52289795,18.51074021,16.74682307,15.33245505,17.34581302
"Iran, Islamic Rep.",IRN,Electricity production from coal sources (% of total),EG.ELC.COAL.ZS,,,,,,,,,,,,0.271437384,0.355909138,0.47134706,0.442699036,0.76433121,0.681647507,0.632111252,0.367813775,0.483819435,0.495978552,0.369388902,0.429907828,0.357478264,0.245941958,0.224375319,0.209280508,0.183994632,0.18487395,0.121414479,0.109979358,0.146586408,0.120857359,0.125977639,0.116026283,0.10708276,0.101246877,0.09819465,0.108250213,0.370232261,0.398783874,0.362577682,0.365838095,0.306736506,0.285169964,0.320628004,0.292710269,0.28188209,0.181792756,0.16985138,0.15152881,0.177044974,0.15730938,0.174901118,0.193001686,0.164627824
Iraq,IRQ,Electricity production from coal sources (% of total),EG.ELC.COAL.ZS,,,,,,,,,,,,0,0,0,0,0,0,0,0,0,0,0,0,0,0,0,0,0,0,0,0,0,0,0,0,0,0,0,0,0,0,0,0,0,0,0,0,0,0,0,0,0,0,0,0,0
Iceland,ISL,Electricity production from coal sources (% of total),EG.ELC.COAL.ZS,0,0,0,0,0,0,0,0,0,0,0,0,0,0,0,0,0,0,0,0,0,0,0,0,0,0,0,0,0,0,0,0,0,0,0,0,0,0,0,0,0,0,0,0,0,0,0,0,0,0,0,0,0,0,0,0
Israel,ISR,Electricity production from coal sources (% of total),EG.ELC.COAL.ZS,,,,,,,,,,,,0,0,0,0,0,0,0,0,0,0,0,18.1438311,32.866597,49.97613365,54.41290824,55.50081078,51.34921084,46.70835056,47.63604361,49.67939516,52.91438133,57.79510022,61.7105516,60.22375457,62.08381265,68.92809935,70.76638177,69.73521275,66.89787071,68.49112773,74.92207231,77.15384615,76.72030782,77.1759132,74.40228797,70.63174967,69.30584474,62.01536788,62.45091623,58.44412964,58.89173746,61.45580369,52.32216823,49.49106277,45.40373058
Italy,ITA,Electricity production from coal sources (% of total),EG.ELC.COAL.ZS,3.818539025,7.154107602,7.90904444,4.851744432,4.892465367,5.227982662,5.680597816,8.568904594,6.822916162,6.834105755,4.904889438,4.736120077,3.47364333,3.600016676,4.491903851,4.10624374,5.02463176,5.430473211,5.936379023,8.381052408,9.946913459,11.34705008,13.25607999,13.4129888,15.41394821,16.47470053,16.41335133,16.65977447,16.89022871,15.47401202,16.77809211,14.72792276,11.22972318,9.190197729,10.03060243,11.61422962,10.5777826,10.04729763,10.97041257,10.88696457,11.30765612,13.52549155,14.58138161,15.41054499,17.20113464,16.64836275,16.39241967,16.13609671,15.49818676,15.05748522,14.87216047,16.67697773,18.20059334,16.8431692,16.72827166,16.12007302
Jamaica,JAM,Electricity production from coal sources (% of total),EG.ELC.COAL.ZS,,,,,,,,,,,,0,0,0,0,0,0,0,0,0,0,0,0,0,0,0,0,0,0,0,0,0,0,0,0,0,0,0,0,0,0,0,0,0,0,0,0,0,0,0,0,0,0,0,0,0
Jordan,JOR,Electricity production from coal sources (% of total),EG.ELC.COAL.ZS,,,,,,,,,,,,0,0,0,0,0,0,0,0,0,0,0,0,0,0,0,0,0,0,0,0,0,0,0,0,0,0,0,0,0,0,0,0,0,0,0,0,0,0,0,0,0,0,0,0,0
Japan,JPN,Electricity production from coal sources (% of total),EG.ELC.COAL.ZS,32.20779221,28.53898562,33.04843305,33.44377071,29.32485923,27.84585702,28.85734233,32.82051282,29.38040081,22.03147353,16.93912063,11.85688169,9.772140005,8.014834965,8.700894577,8.943750977,8.63327232,8.930787671,8.497737427,8.600984043,9.595113627,10.82036824,11.62594995,12.71077748,14.08855709,14.89397113,14.6129363,15.08223576,14.84411236,14.81154362,13.48977775,13.82580908,14.37217105,15.30658579,15.8526524,16.75346588,17.37245932,18.15523714,18.24118199,19.91332871,21.48421273,23.38478021,24.61992605,26.3775463,26.45867982,27.22636172,26.58656402,27.34596561,27.23000261,27.17272777,27.15514217,27.09995318,29.72207921,32.92587052,32.74193411,33.15273563
Kazakhstan,KAZ,Electricity production from coal sources (% of total),EG.ELC.COAL.ZS,,,,,,,,,,,,,,,,,,,,,,,,,,,,,,,71.12006317,72.72748418,72.30867825,71.43226073,70.93693992,72.03012256,72.20942444,72.02884615,72.02563842,72.04724409,69.45093913,70.88133387,68.82006102,71.75492437,75.52169692,73.85293381,68.81811965,73.40661636,76.66289044,73.80256638,80.65363115,81.09856097,74.79341069,75.1944978,71.94769102,71.56892212
Kenya,KEN,Electricity production from coal sources (% of total),EG.ELC.COAL.ZS,,,,,,,,,,,,0,0,0,0,0,0,0,0,0,0,0,0,0,0,0,0,0,0,0,0,0,0,0,0,0,0,0,0,0,0,0,0,0,0,0,0,0,0,0,0,0,0,0,0,0
Kyrgyz Republic,KGZ,Electricity production from coal sources (% of total),EG.ELC.COAL.ZS,,,,,,,,,,,,,,,,,,,,,,,,,,,,,,,13.06890414,12.44752576,7.810573646,8.495590675,5.218919538,4.746237312,5.257804056,6.293314666,7.041348856,3.827378847,4.293081508,4.529157825,4.764301292,3.630268882,3.460801796,10.10006044,10.32155891,10.75522589,11.3241157,3.482811513,4.991735537,4.189207019,4.799578059,5.609877953,7.363436728,13.21565618
Cambodia,KHM,Electricity production from coal sources (% of total),EG.ELC.COAL.ZS,,,,,,,,,,,,,,,,,,,,,,,,,,,,,,,,,,,,0,0,0,0,0,0,0,0,0,0,0,0,0,0,2.211690363,3.1,3.20754717,2.580195258,9.505061867,28.18419334,48.39663407
Kiribati,KIR,Electricity production from coal sources (% of total),EG.ELC.COAL.ZS,,,,,,,,,,,,,,,,,,,,,,,,,,,,,,,,,,,,,,,,,,,,,,,,,,,,,,,,
St. Kitts and Nevis,KNA,Electricity production from coal sources (% of total),EG.ELC.COAL.ZS,,,,,,,,,,,,,,,,,,,,,,,,,,,,,,,,,,,,,,,,,,,,,,,,,,,,,,,,
"Korea, Rep.",KOR,Electricity production from coal sources (% of total),EG.ELC.COAL.ZS,,,,,,,,,,,,6.869070209,6.858687389,9.045531197,4.413424413,6.520874751,6.380585716,5.228119006,2.94827039,3.516853933,6.662370096,6.29243664,6.057232967,8.779938588,24.87176628,30.40839899,27.26347915,20.02421174,22.12147825,18.86653503,16.76077858,14.42761909,13.88862094,21.8764638,25.93716773,27.22329261,28.33098887,31.1979434,37.17423601,35.87964142,38.60830566,39.92631099,40.58107239,39.10999997,38.80478544,38.3606532,38.01277749,40.0802996,43.19564081,46.24199648,44.14496757,43.17213822,45.0802829,41.42883967,42.40967563,43.0762564
Kuwait,KWT,Electricity production from coal sources (% of total),EG.ELC.COAL.ZS,,,,,,,,,,,,0,0,0,0,0,0,0,0,0,0,0,0,0,0,0,0,0,0,0,0,0,0,0,0,0,0,0,0,0,0,0,0,0,0,0,0,0,0,0,0,0,0,0,0,0
Latin America & Caribbean (excluding high income),LAC,Electricity production from coal sources (% of total),EG.ELC.COAL.ZS,,,,,,,,,,,,2.608648531,2.51589253,2.034028206,1.921018355,1.801960867,1.659957937,1.588910371,1.937940888,1.688236262,1.718221199,2.014570719,2.271129849,2.228460981,2.578951527,2.868619979,3.398952908,3.373324552,3.321840155,3.186883606,2.973254605,3.331984535,3.330066336,3.472789322,3.682407834,3.778844269,3.778681582,3.861257409,3.586041982,3.722706093,3.790228975,4.292801636,4.348426058,4.709048399,3.997366162,4.762007549,4.525092598,4.397029068,3.47716392,3.984942929,4.259090936,4.157450849,4.357033655,4.825611645,5.215147807,5.345031512
Lao PDR,LAO,Electricity production from coal sources (% of total),EG.ELC.COAL.ZS,,,,,,,,,,,,,,,,,,,,,,,,,,,,,,,,,,,,,,,,,,,,,,,,,,,,,,,,
Lebanon,LBN,Electricity production from coal sources (% of total),EG.ELC.COAL.ZS,,,,,,,,,,,,0,0,0,0,0,0,0,0,0,0,0,0,0,0,0,0,0,0,0,0,0,0,0,0,0,0,0,0,0,0,0,0,0,0,0,0,0,0,0,0,0,0,0,0,0
Liberia,LBR,Electricity production from coal sources (% of total),EG.ELC.COAL.ZS,,,,,,,,,,,,,,,,,,,,,,,,,,,,,,,,,,,,,,,,,,,,,,,,,,,,,,,,
Libya,LBY,Electricity production from coal sources (% of total),EG.ELC.COAL.ZS,,,,,,,,,,,,0,0,0,0,0,0,0,0,0,0,0,0,0,0,0,0,0,0,0,0,0,0,0,0,0,0,0,0,0,0,0,0,0,0,0,0,0,0,0,0,0,0,0,0,0
St. Lucia,LCA,Electricity production from coal sources (% of total),EG.ELC.COAL.ZS,,,,,,,,,,,,,,,,,,,,,,,,,,,,,,,,,,,,,,,,,,,,,,,,,,,,,,,,
Latin America & Caribbean,LCN,Electricity production from coal sources (% of total),EG.ELC.COAL.ZS,,,,,,,,,,,,3.172624926,2.742756502,2.466921353,2.245093364,2.004839024,1.920686044,1.847966082,2.188304753,2.042596643,2.101042111,2.364665734,2.378661909,2.370431081,2.836779217,3.011018156,3.453710047,3.407112515,3.605379363,3.866402215,3.824508994,3.750648818,3.465153187,3.619110046,4.044274276,4.321159436,4.655031363,4.647595866,4.545422047,4.783148041,4.346239519,4.427917609,4.4866429,4.776944227,4.360786995,4.988571543,5.032191003,5.069556996,4.258815454,4.776118758,5.119313385,5.182480477,5.703427133,6.402378124,6.459974209,6.677140314
Least developed countries: UN classification,LDC,Electricity production from coal sources (% of total),EG.ELC.COAL.ZS,,,,,,,,,,,,2.08713743,1.428443396,1.413824987,1.086388444,1.151610587,0.61274958,0.528747401,0.444063418,0.248201649,0.601032281,0.55673644,0.468650535,0.530672007,0.463160486,0.506446552,0.417281996,0.426642154,0.43772843,0.437856741,0.332895606,0.375927114,0.213072337,0.19769062,0.184992732,0.167064588,0.159380539,0.118625071,0.1108758,0.101321421,0.284349034,0.289041339,1.031461207,0.979422679,0.65568944,0.888427731,1.052973754,1.411165398,1.443347278,1.248450325,1.091552669,1.121263787,1.137585483,1.141956891,1.190556179,1.652133017
Low income,LIC,Electricity production from coal sources (% of total),EG.ELC.COAL.ZS,,,,,,,,,,,,12.37265534,11.91204835,12.92132967,13.70853103,15.35972237,14.65308325,15.5877181,15.23811109,15.43159834,16.05850211,16.18759709,15.49136125,15.32735287,14.18055261,14.58676031,13.12008755,13.13767102,12.5915343,13.33238945,11.21326862,11.52944002,10.8861246,9.406305546,9.553201363,8.636716521,7.852860515,7.881191897,5.553835253,6.401488951,7.10504743,6.813655295,6.247607742,6.158729529,5.932198558,5.83063444,5.715667425,4.510443593,4.929457951,4.596745276,4.191046197,3.148763088,3.13988493,2.540586227,2.911995478,2.179580553
Liechtenstein,LIE,Electricity production from coal sources (% of total),EG.ELC.COAL.ZS,,,,,,,,,,,,,,,,,,,,,,,,,,,,,,,,,,,,,,,,,,,,,,,,,,,,,,,,
Sri Lanka,LKA,Electricity production from coal sources (% of total),EG.ELC.COAL.ZS,,,,,,,,,,,,0,0,0,0,0,0,0,0,0,0,0,0,0,0,0,0,0,0,0,0,0,0,0,0,0,0,0,0,0,0,0,0,0,0,0,0,0,0,0,0,8.903757077,11.79732796,12.21824836,25.69617206,33.70505234
Lower middle income,LMC,Electricity production from coal sources (% of total),EG.ELC.COAL.ZS,,,,,,,,,,,,17.10519268,17.47277165,16.44459978,16.83389749,16.47499737,17.38717167,16.63813266,15.65347675,15.27357434,15.37425545,16.15776212,17.24077661,17.57120909,18.53431757,20.63699695,21.55607425,23.55291707,23.13515357,23.54797389,36.34927442,37.38263624,38.61693269,39.10705076,38.62847617,39.67694101,39.25762141,39.18671787,38.63031161,39.44107223,40.32085244,40.911911,40.7952772,39.63135397,38.58589143,38.5115091,39.50248423,39.56411804,40.99977366,40.74951304,41.06377006,41.60606203,44.22601485,45.34542157,46.75116402,47.93755544
Low & middle income,LMY,Electricity production from coal sources (% of total),EG.ELC.COAL.ZS,,,,,,,,,,,,22.43870118,21.39619287,20.00041832,19.52987806,19.43950269,18.25636766,18.5064443,18.88413604,18.08669062,17.60919073,17.96236323,18.34803623,18.36246895,19.01074639,20.30220009,21.08059362,21.89365294,21.53578048,22.11778289,32.15539108,33.08348719,34.53723573,35.005905,36.58983116,36.95834646,37.77038589,38.03489812,37.58991327,38.25217382,39.25285384,39.74359571,40.74683768,42.27993774,42.41159627,43.84062849,45.56601107,47.12667869,46.85247029,47.20042672,47.47003513,49.53000945,48.97138345,49.71531788,48.97936231,48.46017072
Lesotho,LSO,Electricity production from coal sources (% of total),EG.ELC.COAL.ZS,,,,,,,,,,,,,,,,,,,,,,,,,,,,,,,,,,,,,,,,,,,,,,,,,,,,,,,,
Late-demographic dividend,LTE,Electricity production from coal sources (% of total),EG.ELC.COAL.ZS,,,,,,,,,,,,25.23990005,23.92890258,22.9416907,22.38008853,22.7699382,21.21630299,21.96337136,22.57403464,21.42873941,20.48373489,19.34484582,19.50921503,19.68437274,20.39752597,22.1540513,22.77780954,23.70404242,23.84329121,24.22528848,33.949369,35.07853533,37.0882816,37.71481717,40.29603776,40.77983832,41.98745916,42.26381442,42.02169087,42.85384611,44.03830722,44.12114915,45.56838883,47.99152043,48.46030581,50.14275181,52.21126481,53.85518703,53.21548747,53.45105252,53.41637664,55.92956189,54.17774149,54.91665073,53.23145968,52.15162676
Lithuania,LTU,Electricity production from coal sources (% of total),EG.ELC.COAL.ZS,,,,,,,,,,,,,,,,,,,,,,,,,,,,,,,0,0,0,0,0,0,0,0,0,0,0,0,0,0,0,0,0,0,0,0,0,0,0,0,0,0
Luxembourg,LUX,Electricity production from coal sources (% of total),EG.ELC.COAL.ZS,97.81420765,93.52094241,91.23287671,87.45387454,81.96500673,82.13566152,79.98570407,75.39118065,76.17709065,77.08333333,74.72365512,63.16579145,55.99415205,58.82352941,57.48792271,46.67931689,33.94160584,33.09859155,37.0500439,38.97996357,51.63398693,57.69230769,56.82656827,58.72340426,67.28624535,72.25433526,65.47619048,60.20761246,62.33766234,70.25316456,76.44230769,74.89300999,71.51515152,74.96274218,66.72443674,38.80903491,30.22727273,20.68965517,0,0,0,0,0,0,0,0,0,0,0,0,0,0,0,0,0,0
Latvia,LVA,Electricity production from coal sources (% of total),EG.ELC.COAL.ZS,,,,,,,,,,,,,,,,,,,,,,,,,,,,,,,0,0,0,0,0,0,0,0,0,0,0,0,0,0,0,0,0,0.020959966,0.037921881,0.03591309,0.030179568,0.032819166,0.032430679,0.016105653,0,0
"Macao SAR, China",MAC,Electricity production from coal sources (% of total),EG.ELC.COAL.ZS,,,,,,,,,,,,,,,,,,,,,,,,,,,,,,,,,,,,,,,,,,,,,,,,,,,,,,,,
St. Martin (French part),MAF,Electricity production from coal sources (% of total),EG.ELC.COAL.ZS,,,,,,,,,,,,,,,,,,,,,,,,,,,,,,,,,,,,,,,,,,,,,,,,,,,,,,,,
Morocco,MAR,Electricity production from coal sources (% of total),EG.ELC.COAL.ZS,,,,,,,,,,,,13.40611354,25.47819434,27.51304348,28.7809648,34.10829,31.99334627,29.00649026,27.73473108,18.79792746,19.47779684,20.87988827,18.22620016,20.40083757,18.19101286,15.57522124,27.07367336,34.34570679,29.18521817,21.91932624,22.97465725,19.72840847,17.16225949,25.580222,25.6146469,49.35494542,47.36800128,47.10512764,57.61875386,53.57115161,68.28111638,77.35610794,75.59566787,70.88309808,70.70883931,65.99792639,64.95167137,62.60742826,56.72178988,51.37384725,45.90233187,46.70479085,43.37296506,43.39200693,55.02678634,55.52563271
Monaco,MCO,Electricity production from coal sources (% of total),EG.ELC.COAL.ZS,,,,,,,,,,,,,,,,,,,,,,,,,,,,,,,,,,,,,,,,,,,,,,,,,,,,,,,,
Moldova,MDA,Electricity production from coal sources (% of total),EG.ELC.COAL.ZS,,,,,,,,,,,,,,,,,,,,,,,,,,,,,,,30.75026201,30.48245614,29.98610682,34.10872749,37.96267004,25.08852459,18.50340136,7.564718648,7.751937984,3.440860215,2.943275062,1.986312803,2.105989988,3.115056105,0,0,0,0,0,0,0,0,0,0,0,0
Madagascar,MDG,Electricity production from coal sources (% of total),EG.ELC.COAL.ZS,,,,,,,,,,,,,,,,,,,,,,,,,,,,,,,,,,,,,,,,,,,,,,,,,,,,,,,,
Maldives,MDV,Electricity production from coal sources (% of total),EG.ELC.COAL.ZS,,,,,,,,,,,,,,,,,,,,,,,,,,,,,,,,,,,,,,,,,,,,,,,,,,,,,,,,
Middle East & North Africa,MEA,Electricity production from coal sources (% of total),EG.ELC.COAL.ZS,,,,,,,,,,,,0.78746723,1.497715316,1.599151608,1.583346005,1.833292369,1.629375487,1.440593132,1.272000292,0.834638769,0.83809851,0.843679482,2.131965127,3.230035537,3.994060058,4.156258785,4.438039194,4.392523661,4.085805974,3.946426328,4.012983575,4.130493729,4.50665449,4.738875719,4.744073159,5.53988902,5.955172806,6.168510372,6.228439885,5.793683886,6.218372174,6.858831529,6.738320196,6.522504262,6.29333765,5.830290881,5.440419016,5.24125292,4.616431033,4.265907556,3.908106878,3.94055851,4.023092626,3.409225321,3.344253297,3.208937051
Mexico,MEX,Electricity production from coal sources (% of total),EG.ELC.COAL.ZS,,,,,,,,,,,,0.515480525,0.649010477,0.557951482,0.544114776,0.443948639,0.378755997,0.361660193,0,0,0,0.045108465,1.596542075,2.960538369,3.602898884,4.142425448,6.523977186,7.008519067,7.31372085,6.703198675,6.711154467,7.165746286,7.164468931,8.492478238,9.67777015,10.13609374,11.71595082,10.94553205,10.21809724,9.685656102,9.234958065,10.79406322,11.92598329,12.9368335,10.00071554,13.05668985,12.32884151,11.93190386,7.898186139,10.96118079,11.71603088,11.14975673,11.11812725,10.74914404,11.23762836,10.86591802
Marshall Islands,MHL,Electricity production from coal sources (% of total),EG.ELC.COAL.ZS,,,,,,,,,,,,,,,,,,,,,,,,,,,,,,,,,,,,,,,,,,,,,,,,,,,,,,,,
Middle income,MIC,Electricity production from coal sources (% of total),EG.ELC.COAL.ZS,,,,,,,,,,,,22.82216295,21.74176788,20.23315416,19.70695384,19.53952677,18.33819712,18.55873853,18.95873446,18.12654782,17.61384922,17.97305293,18.39160858,18.41137639,19.10893073,20.42378433,21.25590726,22.07950987,21.7290528,22.30918001,32.62479631,33.55353012,35.0477853,35.5454381,37.16643564,37.55196117,38.38718397,38.63070156,38.2479087,38.92718943,39.93336628,40.45343016,41.48248859,43.02734121,43.15827523,44.62040369,46.36418505,47.95807768,47.66063076,48.02179245,48.28524851,50.33574235,49.72610577,50.43688417,49.66727106,49.12348701
North Macedonia,MKD,Electricity production from coal sources (% of total),EG.ELC.COAL.ZS,,,,,,,,,,,,,,,,,,,,,,,,,,,,,,,89.66655089,84.28076256,85.04534213,88.22393822,87.69153056,86.31767776,86.19183858,85.59334621,83.79682179,79.20734373,76.47922478,87.51964791,84.04202922,79.26684476,77.39613019,78.3059637,72.9089352,77.085257,83.80605292,77.69478617,65.33057851,76.47581003,77.16384542,66.04857237,69.53851879,58.35990081
Mali,MLI,Electricity production from coal sources (% of total),EG.ELC.COAL.ZS,,,,,,,,,,,,,,,,,,,,,,,,,,,,,,,,,,,,,,,,,,,,,,,,,,,,,,,,
Malta,MLT,Electricity production from coal sources (% of total),EG.ELC.COAL.ZS,,,,,,,,,,,,0,0,0,0,0,0,0,0,0,0,0,5.360134003,17.62962963,20.85714286,43.62244898,29.05882353,36.86440678,42.42718447,56.18181818,55.90909091,41.57857646,37.58389262,40,23.29656067,5.514705882,0,0,0,0,0,0,0,0,0,0,0,0,0,0,0,0,0,0,0,0
Myanmar,MMR,Electricity production from coal sources (% of total),EG.ELC.COAL.ZS,,,,,,,,,,,,3.907380608,3.931847969,2.557856273,2.127659574,2.965235174,1.465201465,1.595298069,1.93081255,1.791044776,1.950235373,1.863799283,1.99742268,2.029850746,1.534391534,1.982067013,2.271714922,1.724137931,1.662174304,1.483560545,1.614205004,1.867762421,0.166889186,0.147710487,0.139120757,0,0,0,0,0,0,0,12.64798737,11.68663594,7.22053842,9.790558511,12.75146009,13.36146273,9.272123226,6.792073521,8.895664855,7.336846372,7.184122251,4.646035764,2.02020202,1.784596118
Middle East & North Africa (excluding high income),MNA,Electricity production from coal sources (% of total),EG.ELC.COAL.ZS,,,,,,,,,,,,1.165550697,2.261458325,2.373466018,2.337626555,2.711659806,2.459471216,2.192836532,1.988678759,1.359776852,1.386873055,1.440091933,1.221142191,1.279217059,1.046996929,0.887740402,1.492357687,1.79164788,1.629851657,1.166015642,1.218392334,0.981467209,0.836236043,1.17717267,1.270810848,2.429164365,2.275292825,2.304717174,2.532676964,2.287748778,2.693401262,3.31222728,3.078559608,2.973216368,2.934942723,2.824509129,2.672202981,2.444445329,2.132167822,1.917950457,1.762785296,1.850550979,1.800564958,1.768219454,2.21638112,2.328353775
Montenegro,MNE,Electricity production from coal sources (% of total),EG.ELC.COAL.ZS,,,,,,,,,,,,,,,,,,,,,,,,,,,,,,,,,,,,,,,,,,,,,,34.84636872,40.71815718,40.1119403,45.57991513,24.96376812,31.62605669,54.6686747,48.06610408,36.52724968,44.78411598,50.34965035
Mongolia,MNG,Electricity production from coal sources (% of total),EG.ELC.COAL.ZS,,,,,,,,,,,,,,,,,,,,,,,,,,90.96025325,92.61829653,93.16213795,92.86117381,93.56379989,92.11469534,92.16475689,94.63980881,91.36328428,94.4014733,95.70015221,95.48584545,95.49211119,95.6635514,96.30541872,97.01289885,96.75174014,97.1722365,96.84512428,96.6091432,96.9581749,96.78329571,95.94704134,96.00099975,96.23669225,95.84975655,94.79717813,94.74667774,92.94820717,92.33630952,92.74442227
Northern Mariana Islands,MNP,Electricity production from coal sources (% of total),EG.ELC.COAL.ZS,,,,,,,,,,,,,,,,,,,,,,,,,,,,,,,,,,,,,,,,,,,,,,,,,,,,,,,,
Mozambique,MOZ,Electricity production from coal sources (% of total),EG.ELC.COAL.ZS,,,,,,,,,,,,0,0,0,0,0,0,0,0,0,17.53246753,40.0862069,19.24882629,23.02158273,20.35175879,19.63636364,22.58064516,24.4047619,28.78338279,20.97457627,13.87665198,16.77282378,11.77884615,4.081632653,0,0,0,0,0,0,0,0,0,0,0,0,0,0,0,0,0,0,0,0,0,0
Mauritania,MRT,Electricity production from coal sources (% of total),EG.ELC.COAL.ZS,,,,,,,,,,,,,,,,,,,,,,,,,,,,,,,,,,,,,,,,,,,,,,,,,,,,,,,,
Mauritius,MUS,Electricity production from coal sources (% of total),EG.ELC.COAL.ZS,,,,,,,,,,,,0,0,0,0,0,0,0,0,0,0,0,0,0,1.315789474,11.47959184,9.79498861,5.954825462,6.181818182,11.54499151,6.153846154,6.301050175,5.483870968,5.156723964,4.866412214,4.545454545,0.86410055,2.072909221,6.046814044,11.92429022,20.41619798,24.33281005,25.94871795,23.91930836,21.70900693,26.84859155,33.95744681,40.32454361,44.15330465,39.38688397,38.67608776,40.57121933,41.11548087,42.03601108,42.90091931,39.43943944
Malawi,MWI,Electricity production from coal sources (% of total),EG.ELC.COAL.ZS,,,,,,,,,,,,,,,,,,,,,,,,,,,,,,,,,,,,,,,,,,,,,,,,,,,,,,,,
Malaysia,MYS,Electricity production from coal sources (% of total),EG.ELC.COAL.ZS,,,,,,,,,,,,0,0,0,0,0,0,0,0,0,0,0,0,0,0,0,0,0,1.328028111,10.09063444,12.7389642,13.07999397,11.90695453,9.171248453,8.52685422,7.588755444,6.661350552,5.493841024,5.723839172,6.990326982,11.10533535,12.48522874,15.16788105,18.87114657,23.35569491,24.18080873,23.06690415,27.69801879,26.76864245,28.71477462,34.32997291,40.98472249,41.51479748,38.57807847,37.8567699,42.28132931
North America,NAC,Electricity production from coal sources (% of total),EG.ELC.COAL.ZS,47.49135344,47.71586847,47.84812965,49.43181128,49.08282794,49.81489153,49.17605395,47.90258522,47.83876744,45.52897008,43.11635867,41.77561991,41.33138348,42.13023164,40.12248558,40.50181616,42.18068797,42.17291793,40.1903783,43.29091486,46.49423671,47.75683426,48.6390447,49.7436801,50.66385307,51.2546122,49.99105466,51.34003087,51.71173658,49.17288779,48.33566835,47.82481691,48.28713658,48.23796441,47.3761857,46.59870318,47.68110042,48.86019879,48.37910564,47.74338712,48.49671163,47.39870974,46.60278968,47.2635612,46.14217038,46.09080247,45.43557655,44.79978127,44.73647742,41.26809375,41.80613676,39.2858326,34.78521839,35.87847028,35.65261279,30.92544456
Namibia,NAM,Electricity production from coal sources (% of total),EG.ELC.COAL.ZS,,,,,,,,,,,,,,,,,,,,,,,,,,,,,,,,1.51187905,1.196581197,14.8243359,20.70938215,2.134927412,2.35162374,2.336448598,1.472031403,0.909842845,0.781805259,0,0.349895031,0.070372977,0.725163162,0.180722892,5.230386052,1.967005076,10.62340967,5.234899329,4.214559387,1.398601399,0.91296409,3.080390684,0,0.455729167
New Caledonia,NCL,Electricity production from coal sources (% of total),EG.ELC.COAL.ZS,,,,,,,,,,,,,,,,,,,,,,,,,,,,,,,,,,,,,,,,,,,,,,,,,,,,,,,,
Niger,NER,Electricity production from coal sources (% of total),EG.ELC.COAL.ZS,,,,,,,,,,,,,,,,,,,,,,,,,,,,,,,,,,,,,,,,,65.53398058,74.44444444,74.86910995,76.28865979,74.63414634,68.99563319,76.60550459,67.85714286,75.87719298,73.15175097,68.94197952,74.56140351,63.65914787,53.2731377,55.75620767,41.61958569
Nigeria,NGA,Electricity production from coal sources (% of total),EG.ELC.COAL.ZS,,,,,,,,,,,,0,0.044702727,0,2.273721032,1.472286374,1.339503166,1.166984935,0,0,0,0,0,0.045908413,0.077916296,0.039135114,0.055731005,0.053262317,0.094388193,0.085850308,0.096560945,0.091762547,0.094377781,0,0,0,0,0,0,0,0,0,0,0,0,0,0,0,0,0,0,0,0,0,0,0
Nicaragua,NIC,Electricity production from coal sources (% of total),EG.ELC.COAL.ZS,,,,,,,,,,,,0,0,0,0,0,0,0,0,0,0,0,0,0,0,0,0,0,0,0,0,0,0,0,0,0,0,0,0,0,0,0,0,0,0,0,0,0,0,0,0,0,0,0,0,0
Netherlands,NLD,Electricity production from coal sources (% of total),EG.ELC.COAL.ZS,79.69241947,79.20449387,76.33341989,69.1717499,59.7257889,53.17473011,49.72550145,51.9197498,46.63731818,32.20170149,19.80762641,12.4420987,7.402474218,6.038725369,5.414437282,4.087876442,8.378485302,10.58058539,11.43905448,8.645135269,13.69317656,16.27558428,24.16102931,25.9597653,26.9967186,27.21813589,25.949254,28.07261141,35.71130999,33.99589322,38.21003779,33.93471714,32.63911361,31.42601641,33.81496738,36.98793845,33.30835958,31.62396126,32.46007792,28.90682657,30.25069451,30.45065821,30.20181078,30.71949431,27.79753789,26.94928994,26.82100108,27.06794085,24.93119607,23.40290788,21.63159219,21.70704527,26.44097659,27.06908076,31.348508,38.65358408
Norway,NOR,Electricity production from coal sources (% of total),EG.ELC.COAL.ZS,0,0,0,0,0,0,0,0,0,0,0,0.025185745,0.02663037,0.030125019,0.03261451,0.028423405,0.028038864,0.041521917,0.032162694,0.024762505,0.015522388,0.015060079,0.015091574,0.04150591,0.044243622,0.037963963,0.043448576,0.040461258,0.043902974,0.041211448,0.067428111,0.078688169,0.080265045,0.074341369,0.088138672,0.069534203,0.086916656,0.072402121,0.067851345,0.067873118,0.050522416,0.07830079,0.102119165,0.121872334,0.096269992,0.096178367,0.113015789,0.100652404,0.094194636,0.074821155,0.085200993,0.104455171,0.111153542,0.113162865,0.109045077,0.104917942
Nepal,NPL,Electricity production from coal sources (% of total),EG.ELC.COAL.ZS,,,,,,,,,,,,0,0,0,0,0,0,0,0,0,0,0,0,0,0,0,0,0,0,0,0,0,0,0,0,0,0,0,0,0,0,0,0,0,0,0,0,0,0,0,0,0,0,0,0,0
Nauru,NRU,Electricity production from coal sources (% of total),EG.ELC.COAL.ZS,,,,,,,,,,,,,,,,,,,,,,,,,,,,,,,,,,,,,,,,,,,,,,,,,,,,,,,,
New Zealand,NZL,Electricity production from coal sources (% of total),EG.ELC.COAL.ZS,14.41673832,13.70839937,5.536374846,12.64078732,8.107835218,7.133592737,6.394593189,2.993301111,3.623890234,7.868405094,6.12171923,4.806822587,6.818827003,8.51546058,6.527512216,5.081696168,5.476323639,4.250835967,2.893268539,1.585001359,1.894140556,1.222629292,1.946335603,2.389310384,3.608003207,2.86755158,1.634238522,2.00199169,1.679491469,1.444607437,2.057957539,1.447621336,3.809205326,2.170678337,1.985595822,2.498474849,2.569023661,4.424802609,3.884398596,4.749186874,3.939154585,5.354796321,5.067808708,9.728523432,11.18039985,13.64969279,12.70125224,7.22693301,11.01913297,7.589809679,4.596472475,4.878268102,8.022320622,5.535268559,4.505229284,4.252912566
OECD members,OED,Electricity production from coal sources (% of total),EG.ELC.COAL.ZS,46.5602089,46.374836,47.08304175,47.23457793,46.76070904,46.23076504,45.16758564,44.89336711,44.37555424,42.11169496,39.84252662,39.09494381,37.30556278,37.52913129,35.9069472,36.20662747,37.84827845,37.60290667,36.55478508,38.02323016,40.45898674,40.91136622,41.78553027,42.31075051,41.66941771,42.3646829,41.75809146,41.9512528,41.61834413,40.606673,39.77410499,39.32989337,39.06577756,38.7497401,38.23936191,37.78382129,38.31601514,38.35125285,38.28784279,37.65860231,38.48092457,37.90042293,37.7010895,38.30534945,37.35983365,37.27686069,36.92057705,36.63779852,35.82968974,34.13140786,33.95644766,33.04514286,31.86306839,32.29430009,31.82101302,29.47258812
Oman,OMN,Electricity production from coal sources (% of total),EG.ELC.COAL.ZS,,,,,,,,,,,,0,0,0,0,0,0,0,0,0,0,0,0,0,0,0,0,0,0,0,0,0,0,0,0,0,0,0,0,0,0,0,0,0,0,0,0,0,0,0,0,0,0,0,0,0
Other small states,OSS,Electricity production from coal sources (% of total),EG.ELC.COAL.ZS,,,,,,,,,,,,0,0,0,0,0,0,0,0,0,0,1.812678448,1.814035789,1.908173682,1.558080881,2.178966792,2.021393469,2.875413798,2.537825775,3.045114738,3.140536254,3.55854491,3.836115842,4.196188429,3.66756101,2.552993914,1.616610424,1.676457414,2.355167778,2.434798564,2.744630987,2.798272973,2.888622469,2.502280932,2.19223238,3.646460163,3.892504908,3.185698284,3.543875788,2.762577057,2.913556711,2.9913468,2.734685203,3.004237211,4.134577992,4.583171827
Pakistan,PAK,Electricity production from coal sources (% of total),EG.ELC.COAL.ZS,,,,,,,,,,,,1.215002641,1.215002641,0.787871553,1.037069726,0.754451262,0.620155039,0.717109497,0.347474747,0.253986172,0.200347269,0.267712614,0.016960651,0.213230441,0.155442783,0.204321175,0.156317168,0.08709891,0.081593182,0.069362157,0.100867996,0.065731814,0.090145462,0.088852032,0.074689571,0.772512597,0.634249471,0.653205695,0.765727212,0.623289754,0.35380821,0.393483363,0.305135792,0.244958555,0.204370015,0.137777825,0.13847454,0.1421687,0.123340901,0.121648122,0.093236142,0.100956988,0.063459038,0.150851301,0.135529218,0.137108632
Panama,PAN,Electricity production from coal sources (% of total),EG.ELC.COAL.ZS,,,,,,,,,,,,0,0,0,0,0,0,0,0,0,0,0,0,0,0,0,0,0,0,0,0,0,0,0,0,0,0,0,0,0,0,0,0,0,0,0,0,0,0,0,0,5.778573255,7.764733233,7.624469748,7.397437278,6.915306915
Peru,PER,Electricity production from coal sources (% of total),EG.ELC.COAL.ZS,,,,,,,,,,,,0,0,0,0,0,0,0,0,0,0,0,0,0,0,0,0,0,0,0,0,0,0,0,0,0,0,0,0,0,1.742492719,1.491962653,3.566392212,3.345838423,3.776540919,3.153064826,2.982674172,2.823159935,2.704286155,2.380880075,2.371134021,1.585804248,3.232505192,2.795016779,0.715129248,0.839360842
Philippines,PHL,Electricity production from coal sources (% of total),EG.ELC.COAL.ZS,,,,,,,,,,,,0.131219245,0.115406809,0.091005612,0.114968958,0.175566935,0.237836369,0.729442971,0.514734268,0.665587336,1.005053029,0.688801593,2.23126868,2.647524937,5.113314448,14.70174822,12.60131591,9.919618408,10.52202616,9.435733,7.346070574,7.571445281,6.923076923,7.581173107,4.423878442,6.283143657,13.21915757,18.50139458,22.57924864,26.99121452,36.79178627,39.93411265,33.27624982,28.21873819,28.94007899,26.97155585,26.93411761,28.24478704,25.89401687,26.60809741,34.39668153,36.63409275,38.76112505,42.62349534,42.78170381,44.51482169
Palau,PLW,Electricity production from coal sources (% of total),EG.ELC.COAL.ZS,,,,,,,,,,,,,,,,,,,,,,,,,,,,,,,,,,,,,,,,,,,,,,,,,,,,,,,,
Papua New Guinea,PNG,Electricity production from coal sources (% of total),EG.ELC.COAL.ZS,,,,,,,,,,,,,,,,,,,,,,,,,,,,,,,,,,,,,,,,,,,,,,,,,,,,,,,,
Poland,POL,Electricity production from coal sources (% of total),EG.ELC.COAL.ZS,97.46260501,96.55707196,95.88847415,96.13166942,95.6220744,96.43264971,96.9316862,97.13984499,96.31879721,95.14477283,91.70094851,91.91365748,92.34795187,93.89807885,94.42758379,94.66750703,95.28017907,95.05439523,94.83760565,94.66434967,94.71312458,95.1835204,96.29833022,96.41146207,97.05603396,96.94166384,97.27723131,97.31732653,97.3760399,97.45393144,97.49283934,97.36453499,97.33102757,97.32734351,97.05688178,97.05710658,96.86247291,96.67790116,96.60583501,96.50502496,96.33103776,95.39802812,94.74101573,95.22628642,93.67223861,92.20257597,92.45042422,91.82670807,90.88746687,89.24835066,88.09210066,86.79054427,84.35789773,85.20686249,82.99328741,80.90616462
Pre-demographic dividend,PRE,Electricity production from coal sources (% of total),EG.ELC.COAL.ZS,,,,,,,,,,,,1.42511839,0.974111086,0.987248506,1.003224077,0.942648898,0.567093831,0.478206069,0.243281093,0.100976964,0.303049288,0.286550757,0.216222484,0.248250017,0.219733229,0.219620665,0.160484105,0.177681798,0.199393324,0.201774497,0.151566446,0.179888047,0.132609492,0.109338598,0.099525646,0.097552414,0.092923384,0.070324322,0.071003086,0.067528134,0.203540252,0.213352564,0.213807117,0.207322661,0.1951145,0.163988469,0.136069593,0.131094025,0.130867365,0.123709419,0.114306692,0.136073894,0.139350869,0.115241524,0.108285065,0.093507296
Puerto Rico,PRI,Electricity production from coal sources (% of total),EG.ELC.COAL.ZS,,,,,,,,,,,,,,,,,,,,,,,,,,,,,,,,,,,,,,,,,,,,,,,,,,,,,,,,
"Korea, Dem. People’s Rep.",PRK,Electricity production from coal sources (% of total),EG.ELC.COAL.ZS,,,,,,,,,,,,35.98250336,34.44656489,37.00241255,38.84174312,43.86885246,42.28813559,45.0668037,45.10978044,45.78079534,47.98584906,48.76492195,48.68067979,49.69049695,46.40306122,47.93625498,43.49011858,43.13793103,41.82078853,45.81506849,40.05054152,42.49809886,42.05668016,39.68778281,40.12121212,36.80434783,36.46948357,39.21243523,33.92941176,39.07526882,43.31443299,42.51485149,41.1711165,39.48471283,38.57916534,39.04067737,40.90037887,34.75816568,36.0051713,38.01296919,35.51514032,28.13897847,26.94946974,21.05607681,24.13311743,21.28557909
Portugal,PRT,Electricity production from coal sources (% of total),EG.ELC.COAL.ZS,1.0978957,1.894563427,6.740702479,4.809019788,10.30906451,8.276157804,1.379681061,1.681802893,7.941082293,2.27537923,4.934122076,3.558763931,2.488687783,3.941993464,3.200748713,2.775441548,2.946446347,1.466424682,1.595999726,2.271175923,2.295146653,2.416087963,1.614898743,1.268487232,0.630372493,5.135566188,16.40183008,25.75237527,26.90454951,28.72519472,32.12193917,33.00255651,34.62174662,36.97321717,37.17048573,40.59860005,36.58947613,38.20754717,30.98414167,35.25888987,33.86516647,29.50528505,33.32311062,31.22675781,33.14520267,32.96527237,30.79298419,26.43722279,24.62012095,26.06200234,13.22381777,18.97934012,28.71467439,23.42581232,23.00275217,28.71823872
Paraguay,PRY,Electricity production from coal sources (% of total),EG.ELC.COAL.ZS,,,,,,,,,,,,0,0,0,0,0,0,0,0,0,0,0,0,0,0,0,0,0,0,0,0,0,0,0,0,0,0,0,0,0,0,0,0,0,0,0,0,0,0,0,0,0,0,0,0,0
West Bank and Gaza,PSE,Electricity production from coal sources (% of total),EG.ELC.COAL.ZS,,,,,,,,,,,,,,,,,,,,,,,,,,,,,,,,,,,,,,,,,,,,,,,,,,,,,,,,
Pacific island small states,PSS,Electricity production from coal sources (% of total),EG.ELC.COAL.ZS,,,,,,,,,,,,,,,,,,,,,,,,,,,,,,,,,,,,,,,,,,,,,,,,,,,,,,,,
Post-demographic dividend,PST,Electricity production from coal sources (% of total),EG.ELC.COAL.ZS,44.03462648,43.85363973,44.53082769,44.74665777,44.25670749,43.73895595,42.67529322,42.41488072,41.91559321,39.71469974,37.56433024,36.9936827,35.2380306,35.3633366,33.71296157,33.96185222,35.5154849,35.28961855,34.26350434,35.7948541,38.22671859,38.76187996,39.66064945,40.10898115,39.41216909,40.0556015,39.47618642,39.74965148,39.51770255,38.46645692,39.44180495,39.09803477,38.89981171,38.50636719,37.9284608,37.41961557,37.75079264,37.79055578,37.80976934,37.20984895,38.19310639,37.62286265,37.51843153,38.2277308,37.19704215,37.08619541,36.85539425,36.69137115,36.03318973,34.22738796,34.04357401,33.24110664,31.98005678,32.4702489,31.92561152,29.37346022
French Polynesia,PYF,Electricity production from coal sources (% of total),EG.ELC.COAL.ZS,,,,,,,,,,,,,,,,,,,,,,,,,,,,,,,,,,,,,,,,,,,,,,,,,,,,,,,,
Qatar,QAT,Electricity production from coal sources (% of total),EG.ELC.COAL.ZS,,,,,,,,,,,,0,0,0,0,0,0,0,0,0,0,0,0,0,0,0,0,0,0,0,0,0,0,0,0,0,0,0,0,0,0,0,0,0,0,0,0,0,0,0,0,0,0,0,0,0
Romania,ROU,Electricity production from coal sources (% of total),EG.ELC.COAL.ZS,,,,,,,,,,,,26.2026664,25.68199084,26.02449817,25.07031919,31.89441745,26.10613394,26.85021217,28.11454362,31.54636317,31.43614972,13.36508027,14.22477583,15.76715058,15.1338831,31.21223092,31.46082302,33.12769146,36.9825549,36.41349488,28.77046759,27.48622432,34.17658456,34.62398154,35.79875218,35.09600783,33.89242054,30.23902849,28.0282638,29.44192467,37.16255247,37.1644451,37.68886453,42.8781284,38.53696526,37.26120546,40.30176882,41.03092115,39.84543383,37.70804108,34.21699467,40.00548396,38.98322387,28.96337297,27.31204564,27.63872455
Russian Federation,RUS,Electricity production from coal sources (% of total),EG.ELC.COAL.ZS,,,,,,,,,,,,,,,,,,,,,,,,,,,,,,,14.33181291,14.31700967,14.97545739,15.43315803,18.39095831,18.51177962,18.83105679,18.70425625,19.49880717,18.94476469,19.87739427,18.88212852,19.03853766,18.74130509,17.19272399,17.2954259,17.89780302,16.68918166,18.90217068,16.52965269,15.98305595,15.54215048,15.74945783,15.22169765,14.78792431,14.82165832
Rwanda,RWA,Electricity production from coal sources (% of total),EG.ELC.COAL.ZS,,,,,,,,,,,,,,,,,,,,,,,,,,,,,,,,,,,,,,,,,,,,,,,,,,,,,,,,
South Asia,SAS,Electricity production from coal sources (% of total),EG.ELC.COAL.ZS,,,,,,,,,,,,42.62172925,45.41633364,42.63530679,46.05784632,44.34152364,47.0994503,45.96216513,41.78618189,42.54997392,43.63722881,45.78649828,48.39303332,48.5905734,49.41600953,53.12380446,54.19738294,58.36265491,56.79397527,57.80314531,55.50218921,56.89734913,56.93475195,58.85798262,57.0594683,59.10572598,59.63547839,58.45048517,56.68771971,57.20446599,58.42077479,58.95659712,59.23801791,57.47725152,57.01208776,55.9676737,55.99705781,55.580572,58.41080923,57.37395126,57.83797858,57.9942899,62.30504585,62.96133243,65.13151648,66.10117862
Saudi Arabia,SAU,Electricity production from coal sources (% of total),EG.ELC.COAL.ZS,,,,,,,,,,,,0,0,0,0,0,0,0,0,0,0,0,0,0,0,0,0,0,0,0,0,0,0,0,0,0,0,0,0,0,0,0,0,0,0,0,0,0,0,0,0,0,0,0,0,0
Sudan,SDN,Electricity production from coal sources (% of total),EG.ELC.COAL.ZS,,,,,,,,,,,,0,0,0,0,0,0,0,0,0,0,0,0,0,0,0,0,0,0,0,0,0,0,0,0,0,0,0,0,0,0,0,0,0,0,0,0,0,0,0,0,0,0,0,0,0
Senegal,SEN,Electricity production from coal sources (% of total),EG.ELC.COAL.ZS,,,,,,,,,,,,0,0,0,0,0,0,0,0,0,0,0,0,0,0,0,0,0,0,0,0,0,0,0,0,0,0,0,0,0,0,0,0,0,0,0,0,0,0,0,0,0,0,0,0,0
Singapore,SGP,Electricity production from coal sources (% of total),EG.ELC.COAL.ZS,,,,,,,,,,,,0,0,0,0,0,0,0,0,0,0,0,0,0,0,0,0,0,0,0,0,0,0,0,0,0,0,0,0,0,0,0,0,0,0,0,0,0,0,0,0,0,0.012773839,0.644166024,1.097610369,1.196072597
Solomon Islands,SLB,Electricity production from coal sources (% of total),EG.ELC.COAL.ZS,,,,,,,,,,,,,,,,,,,,,,,,,,,,,,,,,,,,,,,,,,,,,,,,,,,,,,,,
Sierra Leone,SLE,Electricity production from coal sources (% of total),EG.ELC.COAL.ZS,,,,,,,,,,,,,,,,,,,,,,,,,,,,,,,,,,,,,,,,,,,,,,,,,,,,,,,,
El Salvador,SLV,Electricity production from coal sources (% of total),EG.ELC.COAL.ZS,,,,,,,,,,,,0,0,0,0,0,0,0,0,0,0,0,0,0,0,0,0,0,0,0,0,0,0,0,0,0,0,0,0,0,0,0,0,0,0,0,0,0,0,0,0,0,0,0,0,0
San Marino,SMR,Electricity production from coal sources (% of total),EG.ELC.COAL.ZS,,,,,,,,,,,,,,,,,,,,,,,,,,,,,,,,,,,,,,,,,,,,,,,,,,,,,,,,
Somalia,SOM,Electricity production from coal sources (% of total),EG.ELC.COAL.ZS,,,,,,,,,,,,,,,,,,,,,,,,,,,,,,,,,,,,,,,,,,,,,,,,,,,,,,,,
Serbia,SRB,Electricity production from coal sources (% of total),EG.ELC.COAL.ZS,,,,,,,,,,,,,,,,,,,,,,,,,,,,,,,69.05831787,63.03720577,65.58868669,65.52160494,65.90740741,62.8872259,56.47152303,62.90214925,63.68757935,56.7494762,62.77973052,62.22317108,64.34398175,69.86936606,68.2906119,64.27043922,68.72892739,70.05198358,72.43897803,71.32214534,67.05501964,75.70218809,72.80418014,73.13839957,66.2739939,72.42984439
Sub-Saharan Africa (excluding high income),SSA,Electricity production from coal sources (% of total),EG.ELC.COAL.ZS,,,,,,,,,,,,67.40278566,64.00302654,64.41127754,62.56418943,62.46405768,61.5178018,59.93035537,61.65475092,61.05046173,63.01606047,64.49306964,65.2227148,66.56095676,66.8438828,65.50660753,63.60629843,66.04740794,63.29581124,63.21178302,64.40402486,63.6720971,64.27674827,66.01137615,65.18119635,64.44955803,65.18206679,65.0058573,63.65103542,62.47907935,62.26401598,61.70834304,60.43879992,62.02886045,61.00571974,60.77744997,60.07354353,60.36388689,59.51388688,58.10529123,57.03768155,56.15378508,55.39136385,53.74798234,51.68950869,50.7100912
South Sudan,SSD,Electricity production from coal sources (% of total),EG.ELC.COAL.ZS,,,,,,,,,,,,,,,,,,,,,,,,,,,,,,,,,,,,,,,,,,,,,,,,,,,,,0,0,0,0
Sub-Saharan Africa,SSF,Electricity production from coal sources (% of total),EG.ELC.COAL.ZS,,,,,,,,,,,,67.28170722,63.88967063,64.29114837,62.44538243,62.3458242,61.38422787,59.78562087,61.50633325,60.89689574,62.86862852,64.35671176,65.09050833,66.42306878,66.71609989,65.40443644,63.49600118,65.91384323,63.15764069,63.08185382,64.21260614,63.46678632,64.04668442,65.7657494,64.9308387,64.18135645,64.88572347,64.69751737,63.33608022,62.19463934,62.00412762,61.46137935,60.21917849,61.77950295,60.75496805,60.54991434,59.89308195,60.21591316,59.38765307,57.95571517,56.89400374,56.02923265,55.27256902,53.64475347,51.60660232,50.61072079
Small states,SST,Electricity production from coal sources (% of total),EG.ELC.COAL.ZS,,,,,,,,,,,,0,0,0,0,0,0,0,0,0,0,1.363788411,1.340187381,1.418324078,1.257603637,1.779283683,1.645864464,2.32849048,2.079357499,2.516663546,2.547480892,2.873506678,2.97047131,3.27564999,2.79260452,1.901943342,1.203389874,1.242042481,1.758112075,1.822551196,2.065904542,2.113798684,2.191727135,1.899550852,1.671926048,2.788945726,3.010260274,2.524220755,2.883035405,2.243878774,2.389069219,2.446127013,2.24777861,2.469194781,3.4039775,3.768802106
Sao Tome and Principe,STP,Electricity production from coal sources (% of total),EG.ELC.COAL.ZS,,,,,,,,,,,,,,,,,,,,,,,,,,,,,,,,,,,,,,,,,,,,,,,,,,,,,,,,
Suriname,SUR,Electricity production from coal sources (% of total),EG.ELC.COAL.ZS,,,,,,,,,,,,,,,,,,,,,,,,,,,,,,,,,,,,,,,,,0,0,0,0,0,0,0,0,0,0,0,0,0,0,0,0
Slovak Republic,SVK,Electricity production from coal sources (% of total),EG.ELC.COAL.ZS,,,,,,,,,,,,66.34146341,67.01344836,64.39547931,51.07092969,52.48709702,51.81511332,43.62056575,40.86314152,32.6663896,37.86247308,37.83811215,35.85822785,40.45341098,41.36461623,37.15197084,32.91752708,33.3621659,34.42112751,33.16666667,31.85865004,27.00218458,33.57007576,26.42239228,21.06999764,26.44922052,25.21411173,27.40190796,25.17099332,25.23038605,19.84219755,19.6415118,17.37861666,20.66417092,20.07550886,19.0737433,18.33221337,18.72579951,17.90333797,16.49755006,14.85581124,14.27460407,13.78847783,12.36585537,12.36186828,12.51126464
Slovenia,SVN,Electricity production from coal sources (% of total),EG.ELC.COAL.ZS,,,,,,,,,,,,,,,,,,,,,,,,,,,,,,,31.260045,28.42121783,37.58101102,39.27674535,35.78131059,35.6539921,34.18855786,35.71645416,36.30536131,33.78072689,33.84468585,34.00387115,36.32004384,36.96092619,33.99253487,34.86802937,35.9642739,36.44219903,32.4592963,31.2869597,32.53152876,33.34590009,33.09107281,30.84319059,21.90176543,29.59438483
Sweden,SWE,Electricity production from coal sources (% of total),EG.ELC.COAL.ZS,1.076253721,0.158560994,0.027228397,0.108334359,0,0.028519047,0.122471555,0.057597265,0,0,0.275595749,0.305107163,0.399145884,0.641813989,0.595127147,0.384844572,0.147004352,0.223360633,0.136729684,0.220899165,0.192076083,0.183769908,0.401961572,0.631033628,0.833955284,1.458923824,1.629442948,1.476259959,1.419929827,1.111142209,1.050115081,1.667687283,1.753508387,1.912604047,2.203924317,1.98256155,3.066267502,1.83839792,1.883608013,2.028571798,1.69798459,1.979640459,2.476482618,3.076548061,1.200609205,0.887190983,1.072679815,0.907117851,1.080096602,0.651518257,1.297992725,0.971687942,0.600230719,0.729264005,0.575042005,0.666950738
Eswatini,SWZ,Electricity production from coal sources (% of total),EG.ELC.COAL.ZS,,,,,,,,,,,,,,,,,,,,,,,,,,,,,,,,,,,,,,,,,,,,,,,,,,,,,,,,
Sint Maarten (Dutch part),SXM,Electricity production from coal sources (% of total),EG.ELC.COAL.ZS,,,,,,,,,,,,,,,,,,,,,,,,,,,,,,,,,,,,,,,,,,,,,,,,,,,,,,,,
Seychelles,SYC,Electricity production from coal sources (% of total),EG.ELC.COAL.ZS,,,,,,,,,,,,,,,,,,,,,,,,,,,,,,,,,,,,,,,,,,,,,,,,,,,,,,,,
Syrian Arab Republic,SYR,Electricity production from coal sources (% of total),EG.ELC.COAL.ZS,,,,,,,,,,,,0,0,0,0,0,0,0,0,0,0,0,0,0,0,0,0,0,0,0,0,0,0,0,0,0,0,0,0,0,0,0,0,0,0,0,0,0,0,0,0,0,0,0,0,0
Turks and Caicos Islands,TCA,Electricity production from coal sources (% of total),EG.ELC.COAL.ZS,,,,,,,,,,,,,,,,,,,,,,,,,,,,,,,,,,,,,,,,,,,,,,,,,,,,,,,,
Chad,TCD,Electricity production from coal sources (% of total),EG.ELC.COAL.ZS,,,,,,,,,,,,,,,,,,,,,,,,,,,,,,,,,,,,,,,,,,,,,,,,,,,,,,,,
East Asia & Pacific (IDA & IBRD countries),TEA,Electricity production from coal sources (% of total),EG.ELC.COAL.ZS,,,,,,,,,,,,60.94994009,55.1736043,49.71133806,48.53345333,48.13669892,43.53544032,48.65874431,51.97641011,48.69453852,45.26580647,44.76744135,46.0071254,46.16627312,49.23485949,55.21546605,58.51847779,59.95571349,59.99652703,60.5466491,61.75263238,63.68638507,64.84164203,63.05506889,63.8289766,62.51283689,64.32206347,64.47598117,64.06463003,66.07696524,67.19615282,66.06482161,67.48370946,69.81049662,69.28232924,70.76157721,72.49526255,73.75591471,71.73622781,71.43064167,70.80535899,73.10103935,70.3963562,70.35866776,67.95781574,66.17928642
Europe & Central Asia (IDA & IBRD countries),TEC,Electricity production from coal sources (% of total),EG.ELC.COAL.ZS,,,,,,,,,,,,,,,,,,,,,,,,,,,,,,,28.12883611,27.89320961,28.94403916,28.67927838,30.79465967,30.69575665,30.0769162,30.25151728,30.36201202,29.64190179,30.49763553,30.31285372,29.7696479,30.04983177,28.43117839,28.71275669,29.65269707,29.78219728,31.09997399,29.49405832,28.74381683,29.79814214,29.2251285,28.82169967,27.93146176,27.61403986
Togo,TGO,Electricity production from coal sources (% of total),EG.ELC.COAL.ZS,,,,,,,,,,,,0,0,0,0,0,0,0,0,0,0,0,0,0,0,0,0,0,0,0,0,0,0,0,0,0,0,0,0,0,0,0,0,0,0,0,0,0,0,0,0,0,0,0,0,0
Thailand,THA,Electricity production from coal sources (% of total),EG.ELC.COAL.ZS,,,,,,,,,,,,6.098760574,4.485355649,3.500215177,4.665314402,4.052132701,3.938530429,3.087248322,3.869589301,9.469612438,9.774019132,10.89856204,11.13573739,9.5672465,11.0207382,23.02591662,22.43395234,23.37707664,20.94627896,21.06346575,25.02037305,25.97788184,25.9466181,21.2973331,19.85332341,18.45585205,19.71015783,20.54362517,18.48265447,18.19655927,18.51797827,19.39855497,17.27959051,16.55710659,16.38868342,15.5238016,18.2417725,21.45935918,21.55115109,20.23936278,18.83564649,22.31474893,19.9960443,22.07937002,21.77836246,19.45432043
Tajikistan,TJK,Electricity production from coal sources (% of total),EG.ELC.COAL.ZS,,,,,,,,,,,,,,,,,,,,,,,,,,,,,,,0,0,0,0,0,0,0,0,0,0,0,0,0,0,0,0,0,0,0,0,0,0,0,0.257084429,0.971345313,1.526628598
Turkmenistan,TKM,Electricity production from coal sources (% of total),EG.ELC.COAL.ZS,,,,,,,,,,,,,,,,,,,,,,,,,,,,,,,0,0,0,0,0,0,0,0,0,0,0,0,0,0,0,0,0,0,0,0,0,0,0,0,0,0
Latin America & the Caribbean (IDA & IBRD countries),TLA,Electricity production from coal sources (% of total),EG.ELC.COAL.ZS,,,,,,,,,,,,3.346144921,2.889101693,2.597291655,2.361133282,2.109885327,2.020611011,1.941731248,2.299369803,2.145340197,2.204556641,2.482269269,2.495831806,2.485918725,2.973223753,3.14933631,3.611896826,3.561201784,3.770382383,4.044818932,3.997685352,3.903718565,3.594756389,3.748249837,4.190669033,4.476808785,4.82370969,4.816726893,4.706843405,4.952124803,4.49864822,4.585008596,4.645511425,4.942451566,4.508220685,5.152748321,5.20014897,5.240514175,4.400256766,4.93470528,5.284511332,5.347694281,5.885422871,6.607989975,6.666884366,6.894572841
Timor-Leste,TLS,Electricity production from coal sources (% of total),EG.ELC.COAL.ZS,,,,,,,,,,,,,,,,,,,,,,,,,,,,,,,,,,,,,,,,,,,,,,,,,,,,,,,,
Middle East & North Africa (IDA & IBRD countries),TMN,Electricity production from coal sources (% of total),EG.ELC.COAL.ZS,,,,,,,,,,,,1.173421436,2.276729518,2.389493578,2.353412097,2.729971123,2.476079552,2.207644336,2.002107924,1.368959163,1.396238343,1.449816597,1.229388329,1.287855366,1.054067098,0.893735142,1.502435291,1.803746533,1.640857732,1.173889522,1.226619903,0.988094869,0.841882984,1.185121891,1.27939239,2.445568045,2.29065744,2.320280486,2.549779645,2.303197506,2.711589282,3.334594114,3.099348529,2.993293926,2.954761826,2.843582496,2.690247854,2.460952198,2.146565941,1.930902007,1.774689047,1.863047394,1.812723827,1.7801599,2.231347915,2.344076701
Tonga,TON,Electricity production from coal sources (% of total),EG.ELC.COAL.ZS,,,,,,,,,,,,,,,,,,,,,,,,,,,,,,,,,,,,,,,,,,,,,,,,,,,,,,,,
South Asia (IDA & IBRD),TSA,Electricity production from coal sources (% of total),EG.ELC.COAL.ZS,,,,,,,,,,,,42.62172925,45.41633364,42.63530679,46.05784632,44.34152364,47.0994503,45.96216513,41.78618189,42.54997392,43.63722881,45.78649828,48.39303332,48.5905734,49.41600953,53.12380446,54.19738294,58.36265491,56.79397527,57.80314531,55.50218921,56.89734913,56.93475195,58.85798262,57.0594683,59.10572598,59.63547839,58.45048517,56.68771971,57.20446599,58.42077479,58.95659712,59.23801791,57.47725152,57.01208776,55.9676737,55.99705781,55.580572,58.41080923,57.37395126,57.83797858,57.9942899,62.30504585,62.96133243,65.13151648,66.10117862
Sub-Saharan Africa (IDA & IBRD countries),TSS,Electricity production from coal sources (% of total),EG.ELC.COAL.ZS,,,,,,,,,,,,67.28170722,63.88967063,64.29114837,62.44538243,62.3458242,61.38422787,59.78562087,61.50633325,60.89689574,62.86862852,64.35671176,65.09050833,66.42306878,66.71609989,65.40443644,63.49600118,65.91384323,63.15764069,63.08185382,64.21260614,63.46678632,64.04668442,65.7657494,64.9308387,64.18135645,64.88572347,64.69751737,63.33608022,62.19463934,62.00412762,61.46137935,60.21917849,61.77950295,60.75496805,60.54991434,59.89308195,60.21591316,59.38765307,57.95571517,56.89400374,56.02923265,55.27256902,53.64475347,51.60660232,50.61072079
Trinidad and Tobago,TTO,Electricity production from coal sources (% of total),EG.ELC.COAL.ZS,,,,,,,,,,,,0,0,0,0,0,0,0,0,0,0,0,0,0,0,0,0,0,0,0,0,0,0,0,0,0,0,0,0,0,0,0,0,0,0,0,0,0,0,0,0,0,0,0,0,0
Tunisia,TUN,Electricity production from coal sources (% of total),EG.ELC.COAL.ZS,,,,,,,,,,,,0,0,0,0,0,0,0,0,0,0,0,0,0,0,0,0,0,0,0,0,0,0,0,0,0,0,0,0,0,0,0,0,0,0,0,0,0,0,0,0,0,0,0,0,0
Turkey,TUR,Electricity production from coal sources (% of total),EG.ELC.COAL.ZS,54.6714032,48.72135503,59.5505618,38.26261612,53.65086497,44.82132041,47.12664385,34.16519079,32.19434833,30.60729778,32.7496231,30.47745629,25.98061016,26.10865191,28.72300957,26.3265698,23.66679429,23.7879893,25.63288226,28.58538318,25.60687433,24.87334333,24.25805966,31.36724321,33.05131807,43.91712207,48.96334551,39.80114085,25.98651349,38.94781339,35.07116417,35.7882681,36.48688783,32.19298721,36.05035686,32.51939198,32.06025595,32.77958488,32.14498027,31.80264514,30.56867485,31.3025056,24.8446677,22.94193383,22.85896296,26.66897182,26.46072865,27.89285752,29.08808677,28.58345482,26.06293322,28.86618162,28.39838661,26.56045704,30.26753928,29.09509021
Tuvalu,TUV,Electricity production from coal sources (% of total),EG.ELC.COAL.ZS,,,,,,,,,,,,,,,,,,,,,,,,,,,,,,,,,,,,,,,,,,,,,,,,,,,,,,,,
Tanzania,TZA,Electricity production from coal sources (% of total),EG.ELC.COAL.ZS,,,,,,,,,,,,0,0,0,0,0,0,0,0,0,0,0,0,0,0,0,0,0,0,0,0,0,0,1.67539267,3.649635036,3.898128898,3.307008885,2.136529442,2.186046512,2.427394885,2.710355987,3.231597846,3.715498938,2.745393005,2.57639305,1.153305204,0.696055684,0.86042065,0.432900433,0,0,0,0,0,0,0
Uganda,UGA,Electricity production from coal sources (% of total),EG.ELC.COAL.ZS,,,,,,,,,,,,,,,,,,,,,,,,,,,,,,,,,,,,,,,,,,,,,,,,,,,,,,,,
Ukraine,UKR,Electricity production from coal sources (% of total),EG.ELC.COAL.ZS,,,,,,,,,,,,,,,,,,,,,,,,,,,,,,,38.18589138,38.30507744,41.9436661,38.13624253,38.02814817,36.23343188,30.83075745,31.03764354,29.08842371,31.33054948,30.07783078,30.76798435,31.47339433,30.32218325,24.79151788,26.90129254,33.60813112,35.67319402,36.67400538,37.5506137,36.94367361,38.21172826,40.54082667,41.82265908,38.73334249,34.57818245
Upper middle income,UMC,Electricity production from coal sources (% of total),EG.ELC.COAL.ZS,,,,,,,,,,,,24.48168718,22.96559064,21.29378307,20.51611789,20.40152636,18.60501786,19.09325733,19.86683446,18.8840794,18.19222972,18.45608868,18.69009535,18.62558665,19.25128665,20.3464883,21.15333072,21.64493498,21.30591824,21.92730474,31.47479719,32.39167082,33.98173365,34.50395847,36.73288316,36.92667169,38.129616,38.46044216,38.12437092,38.76182451,39.80846163,40.30776913,41.66413712,43.95186293,44.37317817,46.20816946,48.10742241,50.01733377,49.26334465,49.79454848,50.0163881,52.42518394,51.047112,51.64723988,50.37884597,49.41792921
Uruguay,URY,Electricity production from coal sources (% of total),EG.ELC.COAL.ZS,,,,,,,,,,,,0,0,0,0,0,0,0,0,0,0,0,0,0,0,0,0,0,0,0,0,0,0,0,0,0,0,0,0,0,0,0,0,0,0,0,0,0,0,0,0,0,0,0,0,0
United States,USA,Electricity production from coal sources (% of total),EG.ELC.COAL.ZS,53.91200719,53.73053505,53.25020243,54.39006543,54.01536226,54.63006936,54.09993499,52.44513199,52.05924979,49.4470199,46.38734989,44.78800972,44.56625731,46.16412339,44.17649508,44.29543149,46.17085376,46.11302181,44.0050733,47.66744234,51.203426,52.82783428,53.67959321,55.04058733,56.05225277,57.22035189,56.17401668,57.64218657,57.67931332,54.11603876,53.06735048,52.60110173,53.24000481,53.40130679,52.51623052,51.49928029,52.72203118,53.80954845,52.73512658,52.11671819,52.89515225,51.63342695,50.65729949,51.38116764,50.39668955,50.45708636,49.77287778,48.99390945,49.10443981,45.4377316,45.79760576,43.34576409,38.47985569,39.94314124,39.65073269,34.23273373
Uzbekistan,UZB,Electricity production from coal sources (% of total),EG.ELC.COAL.ZS,,,,,,,,,,,,,,,,,,,,,,,,,,,,,,,7.383932534,7.384842611,4.89088802,6.482329244,8.309623431,3.453943902,4.022545631,4.08433578,4.08496732,4.086220577,4.08629225,4.084568712,4.084364226,4.085020243,4.086,4.083333333,4.086802828,4.085801839,4.085020243,4.086086086,4.085106383,4.083969466,4.085714286,4.084870849,4.084837545,4.085195531
St. Vincent and the Grenadines,VCT,Electricity production from coal sources (% of total),EG.ELC.COAL.ZS,,,,,,,,,,,,,,,,,,,,,,,,,,,,,,,,,,,,,,,,,,,,,,,,,,,,,,,,
"Venezuela, RB",VEN,Electricity production from coal sources (% of total),EG.ELC.COAL.ZS,,,,,,,,,,,,0,0,0,0,0,0,0,0,0,0,0,0,0,0,0,0,0,0,0,0,0,0,0,0,0,0,0,0,0,0,0,0,0,0,0,0,0,0,0,0,0,0,0,0,0
British Virgin Islands,VGB,Electricity production from coal sources (% of total),EG.ELC.COAL.ZS,,,,,,,,,,,,,,,,,,,,,,,,,,,,,,,,,,,,,,,,,,,,,,,,,,,,,,,,
Virgin Islands (U.S.),VIR,Electricity production from coal sources (% of total),EG.ELC.COAL.ZS,,,,,,,,,,,,,,,,,,,,,,,,,,,,,,,,,,,,,,,,,,,,,,,,,,,,,,,,
Vietnam,VNM,Electricity production from coal sources (% of total),EG.ELC.COAL.ZS,,,,,,,,,,,,73.30434783,80.81818182,82.12765957,79.71014493,79.40691928,81.16334122,82.72386985,77.77777778,72.22222222,39.92694577,38.35950189,38.1351626,39.61364777,42.19338635,45.45275202,48.07309571,50.65278466,50.70007369,35.02055498,23.05033982,14.83170467,8.76867594,5.974488839,8.715820313,13.81075915,14.02266289,17.37925988,16.04573958,12.37319071,11.80301946,10.51359122,13.62722092,17.6835675,15.52295007,22.69084539,23.33162515,21.81829035,20.05967628,18.00901713,20.74750008,21.55142594,21.13664195,24.51261055,23.24508294,29.57144628
Vanuatu,VUT,Electricity production from coal sources (% of total),EG.ELC.COAL.ZS,,,,,,,,,,,,,,,,,,,,,,,,,,,,,,,,,,,,,,,,,,,,,,,,,,,,,,,,
World,WLD,Electricity production from coal sources (% of total),EG.ELC.COAL.ZS,,,,,,,,,,,,33.25829019,31.73239709,31.61276503,30.33426349,30.56532139,31.4163542,31.28068134,30.5742971,31.4239933,32.97190861,33.14665782,33.77805516,34.16025038,33.8994054,34.81974145,34.61320884,35.04042936,34.76353936,34.24429359,37.00595855,37.07383389,37.40905762,37.37778152,37.52752768,37.35181134,37.96491673,38.02188426,37.82200438,37.64719631,38.63553112,38.44754518,38.75108611,39.83135089,39.3801858,39.85590955,40.51456581,41.13753845,40.63461238,40.01759804,40.10961909,41.00099907,40.27716002,41.04493004,40.48804654,39.16759493
Samoa,WSM,Electricity production from coal sources (% of total),EG.ELC.COAL.ZS,,,,,,,,,,,,,,,,,,,,,,,,,,,,,,,,,,,,,,,,,,,,,,,,,,,,,,,,
Kosovo,XKX,Electricity production from coal sources (% of total),EG.ELC.COAL.ZS,,,,,,,,,,,,,,,,,,,,,,,,,,,,,,,,,,,,,,,,,97.59891782,97.96791444,97.95423957,97.85123967,96.59480647,96.88200987,97.06811006,97.41468459,97.88841534,97.28697749,96.53637771,97.8279607,98.14908295,97.57854406,96.94628403,97.46690636
"Yemen, Rep.",YEM,Electricity production from coal sources (% of total),EG.ELC.COAL.ZS,,,,,,,,,,,,0,0,0,0,0,0,0,0,0,0,0,0,0,0,0,0,0,0,0,0,0,0,0,0,0,0,0,0,0,0,0,0,0,0,0,0,0,0,0,0,0,0,0,0,0
South Africa,ZAF,Electricity production from coal sources (% of total),EG.ELC.COAL.ZS,,,,,,,,,,,,99.79504822,98.59874324,98.47025936,98.3745441,98.5045531,97.59948587,97.56358702,97.72770309,98.70637786,98.96312316,98.52361512,99.12865929,99.47408398,96.64645867,95.76967691,92.85246081,94.80341835,91.25547091,91.46254312,94.28061795,93.3194004,93.97926324,95.73087373,93.86145538,93.40763077,93.40638409,92.83527634,92.39877016,93.13448623,93.06283289,93.74702771,93.3012756,94.10459766,93.94471423,94.63716924,94.71080442,94.77005758,94.26696254,94.09800863,94.26062155,93.80412673,94.63150173,93.74387816,93.10180342,92.71123792
Zambia,ZMB,Electricity production from coal sources (% of total),EG.ELC.COAL.ZS,,,,,,,,,,,,20.3125,6.027315914,6.710213777,3.487614081,3.599497014,1.783492327,1.357719928,1.149283243,0.499888914,0.677419355,0.476616026,0.343970954,0.437941674,0.492459218,0.357497517,0.367722165,0.443841696,0.431654676,0.612369871,0.486709098,0.46424229,0.623384522,0.500121981,0.233415233,0.151438667,0.23726448,0.302228938,0.302512166,0.180319423,0.179533214,0.188845524,0.19624678,0.204597424,0.152797367,0.17905103,0,0,0,0,0,0,0,0,0,0
Zimbabwe,ZWE,Electricity production from coal sources (% of total),EG.ELC.COAL.ZS,,,,,,,,,,,,32.67629095,17.27083814,32.57927301,11.92138134,13.33442946,12.01478743,7.148359267,11.30657285,10.39737078,11.73750275,9.439252336,13.02314131,16.61863593,26.21359223,40.30100334,54.43889316,82.53743105,66.07560645,61.15065935,53.33262123,64.67951591,61.62437781,72.38885913,72.19641672,70.74638331,70.46292503,70.90983831,70.74282242,58.39796926,53.39528234,62.07943334,55.46756725,39.09535174,43.18345509,47.31171325,31.96639077,28.11144697,23.71147541,24.07077218,31.71379111,41.65581597,39.05248289,45.46499478,43.85597447,46.7813369
